"city","city_ascii","Lat","Lon"
"Ahrarne","Ahrarne",45.0186,34.0544
"Alchevsk","Alchevsk",48.4672,38.7983
"Alushta","Alushta",44.6672,34.3978
"Amvrosiivka","Amvrosiivka",47.7958,38.4801
"Ananiv","Ananiv",47.7225,29.96
"AndriivkaBerislavRaion","AndriivkaBerislavRaion",47.1781,33.0475
"Andrushivka","Andrushivka",50.0167,29.0167
"Antonov Airport","Antonov Airport",50.5911,30.2074
"Antratsyt","Antratsyt",48.1167,39.0833
"Apostolove","Apostolove",47.6595,33.717
"Arkhanhelske","Arkhanhelske",47.4297,33.4081
"Artemivsk","Artemivsk",48.4403,38.7422
"Askania-Nova","Askania-Nova",46.4659,33.9817
"Avdiivka","Avdiivka",48.1333,37.75
"Bakhchysarai","Bakhchysarai",44.7528,33.8608
"Bakhmach","Bakhmach",51.1831,32.8297
"Bakhmut","Bakhmut",48.6044,38.0067
"Balabyne","Balabyne",47.735,35.2142
"Balakliia","Balakliia",49.4564,36.8389
"Balta","Balta",47.9361,29.6225
"Bar","Bar",49.0781,27.6831
"Baranivka","Baranivka",50.3,27.6667
"Barvinok","Barvinok",46.81,32.4538
"Barvynkove","Barvynkove",48.9067,37.0131
"Baryshivka","Baryshivka",50.3703,31.3286
"Baturyn","Baturyn",51.3413,32.8798
"Bazaliivka","Bazaliivka",49.83,36.9949
"Berdiansk","Berdiansk",46.7598,36.7845
"Berdychi","Berdichi",48.195278,37.645278
"Berdychiv","Berdychiv",49.8919,28.6
"Berehove","Berehove",48.2025,22.6375
"Berestove","Berestove",48.7549,38.2514
"Berezan","Berezan",50.3197,31.47
"Berezhany","Berezhany",49.45,24.9333
"Berezivka","Berezivka",47.2039,30.9125
"Bershad","Bershad",48.3728,29.5325
"Beryslav","Beryslav",46.8333,33.4167
"Bezliudivka","Bezliudivka",49.8694,36.2719
"Bila Krynytsia","Bila Krynytsia",47.3508,33.1983
"Bila Tserkva","Bila Tserkva",49.7956,30.1167
"Bile","Bile",45.255,30.2042
"Bile (Snake Island)","Bile (Snake Island)",45.255,30.2042
"Bilenke","Bilenke",48.7664,37.6314
"Bilhorod-Dnistrovskyi","Bilhorod-Dnistrovskyi",46.1833,30.3333
"Bilmak","Bilmak",47.3589,36.65
"Bilohirka","Bilohirka",47.2,33.1386
"Bilohirsk","Bilohirsk",45.0544,34.6022
"Bilohorivka","Bilohorivka",48.9272,38.2486
"Bilohorodka","Bilohorodka",50.4,30.2167
"Bilokurakyne","Bilokurakyne",49.5167,38.7167
"Bilolutsk","Bilolutsk",49.4847,39.1333
"Bilopillya","Bilopillya",51.1532,34.3025
"Bilovodsk","Bilovodsk",49.1992,39.5756
"Bilozerka","Bilozerka",46.6333,32.4333
"Bilyaivka","Bilyaivka",47.3244,33.7019
"Blahodatne,Kherson","Blahodatne,Kherson",46.7897,32.3456
"Blahodatne,Mykolaiv","Blahodatne,Mykolaiv",47.0325,32.547222
"Blahovishchenske","Blahovishchenske",48.3197,30.2353
"Bobrovytsia","Bobrovytsia",50.7333,31.3833
"Bobrynets","Bobrynets",48.0578,32.1581
"Bohdanivka","Bohdanivka",48.617778,37.895556
"Bohodukhiv","Bohodukhiv",50.1608,35.5164
"Bohorodchany","Bohorodchany",48.8,24.5333
"Bohorodychne","Bohorodychne",49.0161,37.5083
"Bolekhiv","Bolekhiv",49.0669,23.8514
"Bolhrad","Bolhrad",45.6855,28.6134
"Borivske","Borivske",48.8678,38.5664
"Borodyanka","Borodyanka",50.6439,29.9339
"Borova","Borova",49.3817,37.6408
"Boryslav","Boryslav",49.2881,23.4267
"Boryspil","Boryspil",50.35,30.95
"Borzna","Borzna",51.2333,32.4167
"Boyarka","Boyarka",50.3292,30.2886
"Bratske","Bratske",47.8636,31.5781
"Bratslav","Bratslav",48.8147,28.9447
"Brazhkivka","Brazhkivka",49.0409,37.215
"Brianka","Brianka",48.5133,38.6431
"Brody","Brody",50.0781,25.1542
"Broshniv-Osada","Broshniv-Osada",48.9994,24.1814
"Brovary","Brovary",50.5114,30.7903
"Bryukhovychi","Bryukhovychi",49.9,23.9436
"Bucha","Bucha",50.5464,30.235
"Buchach","Buchach",49.0647,25.3872
"Burshtyn","Burshtyn",49.26,24.635
"Buryn","Buryn",51.1958,33.8267
"Bushtyno","Bushtyno",48.0503,23.4894
"Busk","Busk",49.9667,24.6167
"Buzova","Buzova",50.4212,30.0448
"Chaplynka","Chaplynka",46.3618,33.5327
"Chechelnyk","Chechelnyk",48.2122,29.3622
"Chemerivtsi","Chemerivtsi",49,26.3667
"Cherkaski Tyshky","Cherkaski Tyshky",50.1172,36.3753
"Cherkasy","Cherkasy",49.4444,32.0597
"Chernihiv","Chernihiv",51.4939,31.2947
"Chernihivka","Chernihivka",47.1942,36.2023
"Chernivtsi","Chernivtsi",48.2908,25.9344
"Chernobyl","Chernobyl",51.2705,30.2196
"Chervonohrad","Chervonohrad",50.3911,24.2351
"Chervonohryhorivka","Chervonohryhorivka",47.6233,34.5309
"Chkalovske","Chkalovske",49.7134,36.9265
"Chmyrivka","Chmyrivka",49.295,38.9444
"Chop","Chop",48.4333,22.2
"Chornobaivka","Chornobaivka",46.6944,32.5417
"Chornobayivka","Chornobayivka",46.6944,32.5417
"Chornomorsk","Chornomorsk",46.3017,30.6569
"Chortkiv","Chortkiv",49.0167,25.8
"Chudniv","Chudniv",50.0528,28.0969
"Chuhuiv","Chuhuiv",49.8353,36.6756
"Chulakivka","Chulakivka",46.3601,32.3523
"Chyhyryn","Chyhyryn",49.0833,32.6667
"Chynadiyovo","Chynadiyovo",48.4833,22.8333
"Davydiv Brid","Davydiv Brid",47.2417,33.1911
"Debaltseve","Debaltseve",48.3341,38.4062
"Deliatyn","Deliatyn",48.5286,24.6236
"Derhachi","Derhachi",50.1066,36.1211
"Dnipro","Dnipro",48.45,34.9833
"Dniprorudne","Dniprorudne",47.3855,34.9879
"Dniprovske","Dniprovske",48.5953,34.4207
"Dobra Krynytsia","Dobra Krynytsia",47.2404,32.3176
"Dobroslav","Dobroslav",46.82,30.945
"Dobrotvir","Dobrotvir",50.2056,24.3864
"Dobrovelychkivka","Dobrovelychkivka",48.35,31.1667
"Dobryanka","Dobryanka",52.0601,31.1837
"Dolyna","Dolyna",48.9703,24.0108
"Dolynska","Dolynska",48.1111,32.7648
"Donetsk","Donetsk",48.0089,37.8042
"Dovhe","Dovhe",48.3675,23.2869
"Dovhenke","Dovhenke",49.8896,37.6319
"Dovzhansk","Dovzhansk",48.0846,39.6516
"Drabiv","Drabiv",49.9603,32.1481
"Drobysheve","Drobysheve",49.0417,37.7242
"Drohobych","Drohobych",49.35,23.5
"Druzhkivka","Druzhkivka",48.6203,37.5278
"Dubno","Dubno",50.3931,25.735
"Dubove","Dubove",48.1781,23.8863
"Dubrovytsya","Dubrovytsya",51.5667,26.5667
"Dvorichna","Dvorichna",49.85,37.6667
"Dykanka","Dykanka",49.8222,34.5341
"Dymer","Dymer",50.7872,30.3117
"Dytiatky","Dytiatky",51.1085,30.1493
"Dzhankoi","Dzhankoi",45.7086,34.3933
"Enerhodar","Enerhodar",47.4989,34.6558
"Fastiv","Fastiv",50.0747,29.9181
"Fontanka","Fontanka",46.5644,30.8586
"Haisyn","Haisyn",48.8094,29.3906
"Halych","Halych",49.1128,24.7217
"Henichesk","Henichesk",46.1769,34.7989
"Hirnyk","Hirnyk",48.05,37.3667
"Hirske","Hirske",48.7519,38.495
"Hlukhiv","Hlukhiv",51.6765,33.9078
"Hnivan","Hnivan",49.0833,28.35
"Hola Prystan","Hola Prystan",46.5167,32.5167
"Holubivske","Holubivske",48.6375,38.6433
"Horenka","Horenka",50.5569,30.3175
"Horishni Plavni","Horishni Plavni",49.0107,33.6562
"Horlivka","Horlivka",48.3336,38.0925
"Hornostaipil","Hornostaipil",51.0688,30.2637
"Hornostaivka","Hornostaivka",47.007,33.728
"Horodenka","Horodenka",48.6675,25.5003
"Horodnia","Horodnia",51.8833,31.5833
"Horodnytsia","Horodnytsia",50.8094,27.3183
"Horodok","Horodok",49.1667,26.5667
"Horodok","Horodok",49.7822,23.6436
"Horodyshche","Horodyshche",49.2925,31.4581
"Horokhiv","Horokhiv",50.4994,24.765
"Horonda","Horonda",48.3786,22.5681
"Hoshcha","Hoshcha",50.5986,26.6753
"Hostomel","Hostomel",50.5692,30.2653
"Hostomel Airport","Hostomel Airport",50.5911,30.2074
"Hrebinka","Hrebinka",50.118,32.4396
"Hrebinky","Hrebinky",49.9564,30.1714
"Hubynykha","Hubynykha",48.8084,35.2535
"Hulyaypole","Hulyaypole",47.6644,36.2632
"Hurzuf","Hurzuf",44.5528,34.2875
"Hvardiysâ€™ke","Hvardiys'ke",48.7328,35.311
"Ichnia","Ichnia",50.85,32.4
"Ilarionove","Ilarionove",48.4059,35.2734
"Illintsi","Illintsi",49.1,29.2
"Ilovaisk","Ilovaisk",47.926,38.194
"Inkerman","Inkerman",44.6142,33.6083
"Inzhenerne","Inzhenerne",47.4958,36.1256
"Irpin","Irpin",50.5167,30.25
"Irshansk","Irshansk",50.7167,28.7167
"Irshava","Irshava",48.3172,23.0375
"Isliam-Terek","Isliam-Terek",45.2256,35.2033
"Ivanivka","Ivanivka",49.663889,37.889722
"Ivankiv","Ivankiv",50.9333,29.9
"Ivano-Frankivsk","Ivano-Frankivsk",48.9228,24.7106
"Ivanychi","Ivanychi",50.6419,24.3606
"Iziaslav","Iziaslav",50.1167,26.8
"Izium","Izium",49.2238,37.2915
"Izmail","Izmail",45.35,28.8333
"Kaharlyk","Kaharlyk",49.8522,30.8092
"Kakhovka","Kakhovka",46.8,33.4667
"Kalanchak","Kalanchak",46.255,33.2906
"Kalmiuske","Kalmiuske",47.6667,38.0667
"Kalush","Kalush",49.0442,24.3597
"Kalynivka","Kalynivka",49.4472,28.5231
"Kalynivske","Kalynivske",47.1142,32.9744
"Kamianets-Podilskyi","Kamianets-Podilskyi",48.6806,26.5806
"Kamianka,Cherkasy","Kamianka,Cherkasy",49.0333,32.1
"Kamianka,Polohy","Kamianka,Polohy",47.363333,36.655278
"Kamianka-Dniprovska","Kamianka-Dniprovska",47.4792,34.4232
"Kamianske,Kamianske","Kamianske,Kamianske",48.5076,34.6132
"Kamianske,Vasylivka","Kamianske,Vasylivka",47.54,35.3728
"Kamin-Kashyrskyi","Kamin-Kashyrskyi",51.6242,24.9606
"Kaniv","Kaniv",49.7447,31.4558
"Karnaukhivka","Karnaukhivka",48.4698,34.7376
"Kehychivka","Kehychivka",49.2858,35.7622
"Kerch","Kerch",45.3573,36.4683
"Kharkiv","Kharkiv",50,36.2292
"Khartsyzk","Khartsyzk",48.0333,38.15
"Kherson","Kherson",46.6333,32.6
"Khmelnytskyi","Khmelnytskyi",49.42,27
"Khmilnyk","Khmilnyk",49.55,27.9667
"Khodoriv","Khodoriv",49.41,24.3094
"Khoroshiv","Khoroshiv",50.6,28.45
"Khotimlya","Khotimlya",50.0228,36.8758
"Khotyn","Khotyn",48.5078,26.486
"Khreshchenivka","Khreshchenivka",47.3853,33.8217
"Khrestivka","Khrestivka",48.15,38.3667
"Khrustalnyi","Khrustalnyi",48.1214,38.9453
"Khrystynivka","Khrystynivka",48.8333,29.9667
"Khust","Khust",48.1814,23.2978
"Kivertsi","Kivertsi",50.8331,25.4614
"Klavdiyevo-Tarasove","Klavdiyevo-Tarasove",50.5825,30.0053
"Kobeliaky","Kobeliaky",49.1474,34.1993
"Kochetok","Kochetok",49.8783,36.7378
"Kolochava","Kolochava",48.4266,23.6984
"Kolomyia","Kolomyia",48.5167,25.0333
"Komyshuvakha","Komyshuvakha",47.7155,35.5241
"Konotop","Konotop",51.2369,33.2027
"Koreiz","Koreiz",44.4331,34.0872
"Koriukivka","Koriukivka",51.7833,32.25
"Korolevo","Korolevo",48.15,23.1333
"Korop","Korop",51.5661,32.9508
"Korosten","Korosten",50.95,28.65
"Korostyshiv","Korostyshiv",50.3186,29.0592
"Korsun-Shevchenkivskyi","Korsun-Shevchenkivskyi",49.4261,31.2806
"Kosiv","Kosiv",48.315,25.0953
"Kostiantynivka","Kostiantynivka",48.5333,37.7167
"Kostopil","Kostopil",50.8833,26.4431
"Kotsyubynsâ€™ke","Kotsyubyns'ke",50.4883,30.3331
"Kovel","Kovel",51.2167,24.7167
"Kozacha Lopan","Kozacha Lopan",50.3319,36.1936
"Kozelets","Kozelets",50.9164,31.1147
"Koziatyn","Koziatyn",49.7167,28.8333
"Kozova","Kozova",49.4318,25.1544
"Kramatorsk","Kramatorsk",48.7208,37.5556
"Krasiatychi","Krasiatychi",51.0764,29.6375
"Krasnodon","Krasnodon",48.3,39.7333
"Krasnohorivka","Krasnohorivka",48.0067,37.5128
"Krasnohrad","Krasnohrad",49.373,35.4614
"Krasnoilsk","Krasnoilsk",48.0167,25.5833
"Krasnokutsk","Krasnokutsk",50.0567,35.1492
"Krasnopillya","Krasnopillya",50.7732,35.2717
"Krasnorichenske","Krasnorichenske",49.2103,38.2075
"Krasnyi Luch","Krasnyi Luch",48.1406,38.9367
"Kremenchuk","Kremenchuk",49.0775,33.4239
"Kremenets","Kremenets",50.1081,25.7275
"Kreminna","Kreminna",49.0422,38.2177
"Krolevets","Krolevets",51.5489,33.386
"Kropyvnytskyi","Kropyvnytskyi",48.5103,32.2667
"Krymky","Krymky",49.1394,37.5642
"Kryve Ozero","Kryve Ozero",47.9333,30.3333
"Kryvyi Rih","Kryvyi Rih",47.9086,33.3433
"Kryzhopil","Kryzhopil",48.3842,28.8625
"Kubei","Kubei",45.7925,28.7475
"Kupiansk","Kupiansk",49.7064,37.6167
"Kupiansk-Vuzlovyi","Kupiansk-Vuzlovyi",49.6567,37.65
"Kushnytsia","Kushnytsia",48.4517,23.2581
"Kushuhum","Kushuhum",47.7106,35.2192
"Kutuzivka","Kutuzivka",50.0431,36.4686
"Kvasyliv","Kvasyliv",50.5569,26.2675
"Kyiv","Kyiv",50.45,30.5236
"Kyrnasivka","Kyrnasivka",48.5914,28.98
"Kyselivka","Kyselivka",46.7553,32.4075
"Ladyzhyn","Ladyzhyn",48.6667,29.2167
"Lanchyn","Lanchyn",48.5475,24.7517
"Lanivtsi","Lanivtsi",49.8644,26.0782
"Lazurne","Lazurne",46.0772,32.5299
"Lebedyn","Lebedyn",50.5831,34.4823
"Lebyazhe","Lebyazhe",49.2596,35.3141
"Letychiv","Letychiv",49.3833,27.6167
"Lityn","Lityn",49.3255,28.0872
"Liubotyn","Liubotyn",49.9489,35.9306
"Liubyne","Liubyne",47.0789,32.6702
"Lokhvytsya","Lokhvytsya",50.361,33.2652
"Lozova","Lozova",48.8892,36.3161
"Lozove","Lozove",49.2092,37.5972
"Lozuvatka","Lozuvatka",48.061,33.2927
"Lubny","Lubny",50.0186,32.9869
"Luch","Luch",46.8273,32.2197
"Luhansk","Luhansk",48.5833,39.3333
"Luhanske","Luhanske",48.4414,38.2539
"Lukyanivka","Lukyanivka",50.4657,30.4759
"Lupareve","Lupareve",46.6953,31.9798
"Lutsk","Lutsk",50.7478,25.3244
"Lviv","Lviv",49.8419,24.0315
"Lyman","Lyman",48.9861,37.8111
"Lymanske","Lymanske",46.6639,29.9708
"Lypovets","Lypovets",49.2161,29.0561
"Lyptsi","Lyptsi",50.2078,36.4172
"Lysianka","Lysianka",49.2542,30.8207
"Lysychansk","Lysychansk",48.9169,38.4306
"Lyubeshiv","Lyubeshiv",51.7631,25.4992
"Lyubomlâ€™","Lyuboml'",51.2158,24.0408
"Mahdalynivka","Mahdalynivka",48.9147,34.9154
"Makariv","Makariv",50.4667,29.8167
"Makiivka,Donetsk","Makiivka,Donetsk",48.0556,37.9611
"Makiivka,Svatove","Makiivka,Svatove",49.22,37.983611
"Mala Danylivka","Mala Danylivka",50.0614,36.1675
"Mala Vyska","Mala Vyska",48.65,31.6333
"Malyn","Malyn",50.7689,29.27
"Malynivka","Malynivka",49.7972,36.7139
"Manevychi","Manevychi",51.2925,25.5503
"Manhush","Manhush",47.05,37.3
"Marhanets","Marhanets",47.648,34.6167
"Marinka","Marinka",47.9423,37.504
"Mariupol","Mariupol",47.1306,37.5639
"Markivka","Markivka",49.521,39.5621
"Masandra","Masandra",44.5167,34.1833
"Melitopol","Melitopol",46.8333,35.3667
"Mena","Mena",51.5167,32.2167
"Merefa","Merefa",49.806,36.0503
"Metiolkine","Metiolkine",48.9297,38.5497
"Mezhova","Mezhova",48.2563,36.7313
"Midna Ruda","Midna Ruda",48.5522,38.2047
"Mizhhiria","Mizhhiria",48.5286,23.5019
"Mohyliv-Podilskyi","Mohyliv-Podilskyi",48.45,27.7833
"Molochansk","Molochansk",47.2038,35.5985
"Molodohvardiisk","Molodohvardiisk",48.3444,39.6583
"Molodova","Molodova",50.0371,36.7717
"Monastyryshche","Monastyryshche",48.99,29.8011
"Morshyn","Morshyn",49.155,23.8725
"Mukacheve","Mukacheve",48.4414,22.7136
"Mukachevo","Mukachevo",48.4493,22.7117
"Murovani Kurylivtsi","Murovani Kurylivtsi",48.7222,27.515
"Mykhailivka,Beryslav","Mykhailivka,Beryslav",46.586379,34.5643025
"Mykhailivka,Vasylivka","Mykhailivka,Vasylivka",47.268333,35.228889
"Mykhailo-Kotsiubynske","Mykhailo-Kotsiubynske",51.4528,31.0731
"Mykolaiv","Mykolaiv",46.9667,32
"Mykolaivka","Mykolaivka",47.4953,33.3917
"Mykolayivka","Mykolayivka",48.3823,36.3086
"Myrhorod","Myrhorod",49.964,33.6124
"Myrne","Myrne",47.4717,35.5983
"Myrnohrad","Myrnohrad",48.3022,37.2614
"Myronivka","Myronivka",49.65,30.9833
"Myronivskyi","Myronivskyi",48.4667,38.2767
"Nadvirna","Nadvirna",48.6333,24.5833
"Nedryhayliv","Nedryhayliv",50.8332,33.8799
"Nemishayeve","Nemishayeve",50.5624,30.0925
"Nemyriv","Nemyriv",48.9794,28.8439
"Nerubaiske","Nerubaiske",46.5467,30.6306
"Netishyn","Netishyn",50.33,26.64
"Nevske","Nevske",49.1669,37.975
"New York","New York",48.3156,37.8839
"Nikolske","Nikolske",47.2029,37.3197
"Nikopol","Nikopol",47.5772,34.3575
"Nizhyn","Nizhyn",51.05,31.9
"Nosivka","Nosivka",50.93,31.58
"Nova Basan","Nova Basan",50.5677,31.5036
"Nova Borova","Nova Borova",50.6922,28.6367
"Nova Kakhovka","Nova Kakhovka",46.7667,33.3667
"Nova Maiachka","Nova Maiachka",46.6033,33.2283
"Nova Zburivka","Nova Zburivka",46.4529,32.4563
"Nova Zorya","Nova Zorya",46.7425,32.0942
"Novgorodskoye","Novgorodskoye",48.3156,37.8839
"Novhorod-Siverskyi","Novhorod-Siverskyi",51.9833,33.2667
"Novi Sanzhary","Novi Sanzhary",49.3354,34.3162
"Novoaidar","Novoaidar",48.9717,39.0058
"Novoazovsk","Novoazovsk",47.119,38.067
"Novodruzhesk","Novodruzhesk",48.9634,38.352
"Novohrad-Volynskyi","Novohrad-Volynskyi",50.5833,27.6333
"Novohuivynske","Novohuivynske",50.2022,28.685
"Novoluhanske","Novoluhanske",48.4317,38.1747
"Novomaiorske","Novomaiorske",47.735,37.0378
"Novomoskovsk","Novomoskovsk",48.6328,35.2239
"Novomykhailivka","Novomykhailivka",47.8533,37.4831
"Novomykolaivka,","Novomykolaivka,Mykolaiv",46.964444,32.360278
"Novomykolaivka,Zaporizhzhia","Novomykolaivka,Zaporizhzhia",47.9779,35.9099
"Novooleksandrivka","Novooleksandrivka",47.2664,33.8736
"Novopetrivka,Bashtanka","Novopetrivka,Bashtanka",47.056389,32.669722
"Novopetrivka,Beryslav","Novopetrivka,Beryslav",47.429444,33.468333
"Novopskov","Novopskov",49.4847,39.1333
"Novoraisk","Novoraisk",47.0086,33.4856
"Novoselivka,Kramatorsk","Novoselivka,Kramatorsk",49.070278,37.691389
"Novoselivka,Pokrovsk","Novoselivka,Pokrovsk",48.272778,37.844167
"Novoselytsia","Novoselytsia",48.2167,26.2667
"Novosilka","Novosilka",47.8389,36.6853
"Novotoshkivske","Novotoshkivske",48.7253,38.6325
"Novotroitske","Novotroitske",47.7172,37.5761
"Novovolynsk","Novovolynsk",50.7333,24.1667
"Novovorontsovka","Novovorontsovka",47.4981,33.9169
"Novovosnesenske","Novovosnesenske",47.4283,33.6014
"Novovoznesenske","Novovoznesenske",47.4283,33.6014
"Novoyavorovskoye","Novoyavorovskoye",49.9311,23.5731
"Novyi Bykiv","Novyi Bykiv",50.5974,31.672
"Novyi Rozdil","Novyi Rozdil",49.4703,24.13
"Nyzhne","Nyzhne",48.7714,38.62
"Nyzhnia Duvanka","Nyzhnia Duvanka",49.5831,38.1689
"Nyzhnia Krynka","Nyzhnia Krynka",48.1144,38.1606
"Nyzhnie","Nyzhnie",48.7714,38.62
"Nyzhnohirskyi","Nyzhnohirskyi",45.4464,34.7344
"Obukhiv","Obukhiv",50.1,30.6167
"Obukhivka","Obukhivka",48.5442,34.8664
"Ochakiv","Ochakiv",46.6186,31.5392
"Ocheretyne","Ocheretyne",48.2443,37.6116
"Odesa","Odesa",46.4775,30.7326
"Odessa","Odessa",46.4825,30.7233
"Okhtyrka","Okhtyrka",50.3074,34.9016
"Oleksandriia","Oleksandriia",48.6633,33.0968
"Oleksandriiske","Oleksandriiske",48.6019,32.9889
"Oleksandrivka,Kherson","Oleksandrivka,Kherson",46.615,32.1113
"Oleksandrivka,Bashtanka","Oleksandrivka,Bashtanka",46.837222,32.760833
"Oleksandrivsk","Oleksandrivsk",48.5833,39.1833
"Olenivka","Olenivka",47.8314,37.66
"Oleshky","Oleshky",46.6199,32.7073
"Olevsk","Olevsk",51.2278,27.6481
"Opishnya","Opishnya",49.9564,34.612
"Orikhiv","Orikhiv",47.5677,35.7849
"Orikhove","Orikhove",48.7211,38.5725
"Oskil","Oskil",49.1675,37.428
"Osokorivka","Osokorivka",47.4398,33.926
"Oster","Oster",50.9486,30.8811
"Ostroh","Ostroh",50.3333,26.5167
"Otyniia","Otyniia",48.7339,24.8569
"Ovidiopol","Ovidiopol",46.2667,30.4333
"Ovruch","Ovruch",51.3244,28.8081
"Ozerne","Ozerne",48.8986,37.9156
"Partenit","Partenit",44.5764,34.3397
"Pavlivka","Pavlivka",47.7544,37.2181
"Pavlohrad","Pavlohrad",48.52,35.87
"Pechenihy","Pechenihy",49.8647,36.9364
"Pechenizhyn","Pechenizhyn",48.51,24.8892
"Perechyn","Perechyn",48.7333,22.4667
"Perehinske","Perehinske",48.8103,24.1819
"Peremoha","Peremoha",50.1172,36.6667
"Pereshchepyne","Pereshchepyne",49.0179,35.3598
"Perevalsk","Perevalsk",48.4333,38.8167
"Pereyaslav-Khmelâ€™nytsâ€™kyy","Pereyaslav-Khmel'nyts'kyy",50.065,31.445
"Pershotravensk","Pershotravensk",48.3464,36.4044
"Pervomaisk","Pervomaisk",48.6333,38.5167
"Pervomaiskyi","Pervomaiskyi",49.3869,36.2142
"Petropavlivka,Kupiansk","Petropavlivka,Kupiansk",49.720833,37.717222
"Petropavlivka,Beryslav","Petropavlivka,Beryslav",47.2925,33.569444
"Petropavlivsâ€™ka Borshchahivka","Petropavlivs'ka Borshchahivka",50.4378,30.3439
"Piatykhatky","Piatykhatky",48.4126,33.7034
"Pidhorodne","Pidhorodne",48.5737,35.0966
"Pidvolochysk","Pidvolochysk",49.5311,26.1467
"Pishchane","Pishchane",46.7103,33.206
"Pishchanka","Pishchanka",48.2058,28.8889
"Piskivka","Piskivka",50.7078,29.595
"Pisky","Pisky",48.0643,37.6741
"Pivdenne","Pivdenne",49.8849,36.0687
"Podilsk","Podilsk",47.7419,29.535
"Pohrebyshche","Pohrebyshche",49.4869,29.2733
"Pokrov","Pokrov",47.6632,34.0811
"Pokrovsk","Pokrovsk",48.2833,37.1833
"Pokrovske,Bakhmut","Pokrovske,Bakhmut",48.634722,38.130556
"Pokrovske,Mykolaiv","Pokrovske,Mykolaiv",46.536389,31.611667
"Poliske","Poliske",51.2409,29.387
"Polohy","Polohy",47.4796,36.2611
"Poltava","Poltava",49.5744,34.5686
"Pomichna","Pomichna",48.25,31.4167
"Poninka","Poninka",50.1833,27.5333
"Popasna","Popasna",48.6282,38.3727
"Popivka","Popivka",51.2189,33.1175
"Posad-Pokrovske","Posad-Pokrovske",46.8064,32.2561
"Pravdyne","Pravdyne",46.7381,32.2044
"Protopopivka","Protopopivka",49.2425,36.9133
"Pryazovske","Pryazovske",46.7378,35.6416
"Prybuzke","Prybuzke",46.739,31.8824
"Pryluky","Pryluky",50.6,32.4
"Prymorsk","Prymorsk",46.7333,36.3596
"Pryvillya","Pryvillya",48.9999,38.2948
"Pulyny","Pulyny",50.4664,28.2778
"Putyvl","Putyvl",51.3347,33.8686
"Pytomnyk","Pytomnyk",50.1711,36.2653
"Radomyshl","Radomyshl",50.4947,29.2333
"Radyvyliv","Radyvyliv",50.1333,25.25
"Rakhiv","Rakhiv",48.05,24.2167
"Ratne","Ratne",51.65,24.5333
"Rava-Rusâ€™ka","Rava-Rus'ka",50.25,23.6167
"Ripky","Ripky",51.7994,31.0833
"Rivne","Rivne",50.6197,26.2514
"Rohatyn","Rohatyn",49.4167,24.6167
"Rokytne","Rokytne",49.6897,30.4751
"Romaniv","Romaniv",50.1517,27.9392
"Romny","Romny",50.7428,33.4879
"Rovenky","Rovenky",48.0833,39.3667
"Rozhyshche","Rozhyshche",50.9131,25.27
"Rozivka","Rozivka",47.3844,37.0658
"Rozsoshentsi","Rozsoshentsi",49.5406,34.5042
"Rubizhne,Chuhuiv","Rubizhne,Chuhuiv",50.1667,36.8211
"Rubizhne,Sievierodonetsk","Rubizhne,Sievierodonetsk",49.0167,38.3667
"Rudno","Rudno",49.8404,23.8747
"Ruska Lozova","Ruska Lozova",50.1406,36.2794
"Ruski Tyshky","Ruski Tyshky",50.1356,36.4031
"Rzhyshchiv","Rzhyshchiv",49.9611,31.0436
"Saky","Saky",45.1336,33.5772
"Sambir","Sambir",49.5167,23.2
"Sartana","Sartana",47.1739,37.6915
"Savyntsi","Savyntsi",49.4105,37.0617
"Sedniv","Sedniv",51.6463,31.5617
"Selydove","Selydove",48.15,37.3
"Semenivka","Semenivka",52.1772,32.5797
"Sevastopol","Sevastopol",44.6,33.5333
"Shakhtarsk","Shakhtarsk",48.0333,38.4833
"Shandryholove","Shandryholove",49.0906,37.7197
"Sharhorod","Sharhorod",48.75,28.0833
"Shatsk","Shatsk",51.4878,23.9297
"Shchastia","Shchastia",48.7381,39.2311
"Shepetivka","Shepetivka",50.1833,27.0667
"Shestakove","Shestakove",50.0717,36.6217
"Shestovytsia","Shestovytsia",51.3842,31.1935
"Shevchenkove","Shevchenkove",47.5437,32.5371
"Shevchenkove,Brovary","Shevchenkove,Brovary",47.5437,32.5371
"Shevchenkove,Kupiansk","Shevchenkove,Kupiansk",49.695,37.1761
"Shevchenkove,Mykolaiv","Shevchenkove,Mykolaiv",50.6458,31.0451
"Shostka","Shostka",51.8657,33.4766
"Shpola","Shpola",48.9969,31.4022
"Shyriaieve","Shyriaieve",47.3878,30.1911
"Shyroke","Shyroke",47.6882,33.2654
"Sievierodonetsk","Sievierodonetsk",48.95,38.4833
"Simferopol","Simferopol",44.9484,34.1
"Siversk","Siversk",48.8739,38.1048
"Skadovsk","Skadovsk",46.1167,32.9167
"Skvyra","Skvyra",49.7333,29.6833
"Slatyne","Slatyne",50.2161,36.1525
"Slavutych","Slavutych",51.5206,30.7569
"Slobozhanske","Slobozhanske",48.5342,35.0749
"Sloviansk","Sloviansk",48.87,37.625
"Smila","Smila",49.2167,31.8667
"Sniatyn","Sniatyn",48.45,25.5667
"Snihurivka","Snihurivka",47.0754,32.8062
"Snizhne","Snizhne",48.0167,38.7667
"Snovsk","Snovsk",51.8167,31.95
"Sofiivka","Sofiivka",48.2683,38.1847
"Sofiivka","Sofiivka",48.0727,33.8937
"Sofiyivsâ€™ka Borshchahivka","Sofiyivs'ka Borshchahivka",50.4114,30.3692
"Sokal","Sokal",50.4833,24.2833
"Sokilnyky","Sokilnyky",49.7769,23.9614
"Solodke","Solodke",47.7881,37.4903
"Solone","Solone",48.2054,34.8686
"Solotvyno","Solotvyno",47.9597,23.8669
"Sosnivka","Sosnivka",50.2946,24.2525
"Sosnytsia","Sosnytsia",51.5222,32.5017
"Stakhanov","Stakhanov",48.5472,38.6361
"Stanytsia Luhanska","Stanytsia Luhanska",48.6667,39.4667
"Stara Syniava","Stara Syniava",49.6,27.6167
"Stara Vyzhivka","Stara Vyzhivka",51.4396,24.4373
"Starobilsk","Starobilsk",49.2667,38.9167
"Staromlynivka","Staromlynivka",47.6964,36.8325
"Staryi Saltiv","Staryi Saltiv",50.0779,36.7898
"Staryi Sambir","Staryi Sambir",49.4333,23
"Stavyshche","Stavyshche",49.3914,30.1917
"Stepanivka","Stepanivka",50.943,34.6334
"Storozhynets","Storozhynets",48.1548,25.7101
"Stryi","Stryi",49.25,23.85
"Stryzhavka","Stryzhavka",49.3103,28.4808
"Sudak","Sudak",44.8514,34.9725
"Sudova Vyshnya","Sudova Vyshnya",49.7892,23.3722
"Sukhodilsk","Sukhodilsk",48.35,39.7167
"Sukhyi Stavok","SukhiiStavok",47.1581,33.1036
"Sumy","Sumy",50.9068,34.7992
"Sutysky","Sutysky",49.0422,28.4208
"Svalyava","Svalyava",48.5472,22.9861
"Svatove","Svatove",49.4092,38.1619
"Svesa","Svesa",51.9481,33.9367
"Sviatohirsk","Sviatohirsk",49.0333,37.5667
"Svitlodarsk","Svitlodarsk",48.4353,38.2208
"Svitlovodsk","Svitlovodsk",49.0833,33.25
"Synelnykove","Synelnykove",48.3178,35.5119
"Talne","Talne",48.8863,30.7027
"Tarashcha","Tarashcha",49.55,30.5
"Tarutyne","Tarutyne",46.1846,29.1495
"Tavriyske","Tavriyske",46.7256,32.1025
"Teplodar","Teplodar",46.5036,30.3244
"Teplyk","Teplyk",48.6594,29.7539
"Teresva","Teresva",48,23.6992
"Ternivka","Ternivka",48.5231,36.0826
"Ternopil","Ternopil",49.5667,25.6
"Ternova","Ternova",50.1908,36.6778
"Terny","Terny",49.0958,37.9642
"Tetiiv","Tetiiv",49.3708,29.69
"Tiachiv","Tiachiv",48.0114,23.5722
"Tlumach","Tlumach",48.8669,25.0012
"Tokmak","Tokmak",47.2514,35.7058
"Tomakivka","Tomakivka",47.8163,34.7471
"Tomashpil","Tomashpil",48.5471,28.5157
"Toretsk","Toretsk",48.4,37.8333
"Torske","Torske",49.015,37.9644
"Toshkivka","Toshkivka",48.7797,38.5589
"Troitske,Sievierodonetsk","Troitske,Sievierodonetsk",48.5239,38.3758
"Troitske,Svatove","Troitske,Svatove",49.9047,38.3017
"Trostianets","Trostianets",50.4666,34.95
"Trudolyubivka","Trudolyubivka",47.4478,33.6967
"Truskavets","Truskavets",49.2806,23.505
"Tsarychanka","Tsarychanka",48.9432,34.4748
"Tsuman","Tsuman",50.8333,25.8833
"Tsyrkuny","Tsyrkuny",50.0805,36.377
"Tulchyn","Tulchyn",48.6744,28.8497
"Turbiv","Turbiv",49.3463,28.7244
"Turiysâ€™k","Turiys'k",51.0833,24.5333
"Tyahynka","Tyahynka",46.7742,33.0539
"Tysmenytsia","Tysmenytsia",48.9008,24.8492
"Ukrainka,Beryslav","Ukrainka,Beryslav",47.3231,33.7828
"Ukrainka,Mykolaiv","Ukrainka,Mykolaiv",46.8256,32.1411
"Ukrainsk","Ukrainsk",48.1,37.3667
"Uman","Uman",48.75,30.2167
"Uspenka","Uspenka",48.3939,39.1536
"Ustynivka","Ustynivka",48.8222,38.5622
"Uzhhorod","Uzhhorod",48.6239,22.295
"Uzyn","Uzyn",49.8242,30.4425
"Vakhrusheve","Vakhrusheve",48.1606,38.8389
"Valky","Valky",49.8386,35.6217
"Vapniarka","Vapniarka",48.5333,28.75
"Vasylivka,Mykolaiv","Vasylivka,Mykolaiv",46.528889,31.790278
"Vasylivka,Vasylivka","Vasylivka,Vasylivka",47.4344,35.2808
"Vasylkiv","Vasylkiv",50.1775,30.3217
"Vasylkivka","Vasylkivka",48.2084,36.0253
"Vatutine","Vatutine",49.0167,31.0667
"Velyka Babka","Velyka Babka",49.9822,36.7434
"Velyka Dymerka","Velyka Dymerka",50.5928,30.9103
"Velyka Komyshuvakha","Velyka Komyshuvakha",49.1081,36.9894
"Velyka Oleksandrivka","Velyka Oleksandrivka",47.3212,33.3033
"Velyki Komiaty","Velyki Komiaty",48.2386,22.9789
"Velyki Luchky","Velyki Luchky",48.42,22.5611
"Velyki Mosty","Velyki Mosty",50.24,24.1394
"Velykodolynske","Velykodolynske",46.3425,30.5653
"Velykyi Burluk","Velykyi Burluk",50.06,37.3823
"Velykyi Bychkiv","Velykyi Bychkiv",47.9714,24.0047
"Velykyi Dalnyk","Velykyi Dalnyk",46.4658,30.5583
"Velykyy Bereznyy","Velykyy Bereznyy",48.8922,22.4586
"Verkhivtseve","Verkhivtseve",48.4812,34.2488
"Verkhnodniprovsk","Verkhnodniprovsk",48.6561,34.3283
"Verkhnya Rohanka","Verkhnya Rohanka",50.0253,36.5561
"Verkhovyna","Verkhovyna",48.1517,24.8136
"Vesele","Vesele",47.016,34.9124
"Veselynove","Veselynove",47.3583,31.2397
"Vilâ€™nyansâ€™k","Vil'nyans'k",47.9445,35.4331
"Vilnohirsk","Vilnohirsk",48.4824,34.0189
"Vilshany","Vilshany",50.0533,35.8847
"Vinkivtsi","Vinkivtsi",49.0333,27.2333
"Vinnytsia","Vinnytsia",49.2372,28.4672
"Virnopillya","Virnopillya",49.0344,37.1256
"Voevodivka","Voevodivka",48.973,38.4463
"Volnovakha","Volnovakha",47.5951,37.4831
"Volodarka","Volodarka",49.52,29.9153
"Volodymyr","Volodymyr",50.8482,24.3257
"Volodymyr-Volynskyi","Volodymyr-Volynskyi",50.8481,24.3222
"Volovets","Volovets",48.7242,23.2
"Voronove","Voronove",48.8986,38.5731
"Voronovytsia","Voronovytsia",49.0989,28.6831
"Vorozhba","Vorozhba",51.1749,34.2299
"Vorzel","Vorzel",50.55,30.15
"Vovchansk","Vovchansk",50.2881,36.9461
"Voyevodivka","Voyevodivka",48.9803,38.4468
"Voznesensk","Voznesensk",47.5725,31.3119
"Vuhledar","Vuhledar",47.7798,37.249
"Vynnyky","Vynnyky",49.8156,24.1297
"Vynohradiv","Vynohradiv",48.1397,23.0331
"Vynohradivka","Vynohradivka",48.5537,33.7283
"Vyshhorod","Vyshhorod",50.5833,30.5
"Vyshkovo","Vyshkovo",48.0581,23.4164
"Vyshneve","Vyshneve",50.3833,30.3667
"Vysokopillia","Vysokopillia",47.4888,33.5317
"Yahotyn","Yahotyn",50.2569,31.7817
"Yakymivka","Yakymivka",46.6967,35.1664
"Yalta","Yalta",44.4994,34.1553
"Yampil","Yampil",48.9322,37.9425
"Yany Kapu","Yany Kapu",45.9675,33.8003
"Yaremche","Yaremche",48.4536,24.5564
"Yasinia","Yasinia",48.2728,24.3747
"Yasnohirka","Yasnohirka",48.7725,37.5506
"Yasynuvata","Yasynuvata",48.1167,37.8333
"Yavoriv","Yavoriv",49.9469,23.3931
"Yemilchyne","Yemilchyne",50.8708,27.8028
"Yenakiieve","Yenakiieve",48.2311,38.2053
"Yevpatoria","Yevpatoria",45.1905,33.3669
"Yevpatoriia","Yevpatoriia",45.2,33.3583
"Yuvileine","Yuvileine",48.5531,39.1742
"Yuzhne","Yuzhne",46.6222,31.1008
"ZÂ·hurivka","Z.hurivka",50.4976,31.7739
"Zaporizhzhia","Zaporizhzhia",47.8378,35.1383
"Zarichne","Zarichne",49.0194,37.9208
"Zavodske","Zavodske",50.4002,33.3908
"Zavody","Zavody",49.1542,37.0678
"Zelene Pole","Zelene Pole",47.83,36.6208
"Zelenivka","Zelenivka",46.7149,32.6379
"Zelenodolsk","Zelenodolsk",47.5631,33.6524
"Zelenyi Hai","Zelenyi Hai",46.829,32.4086
"Zhashkiv","Zhashkiv",49.25,30.1
"Zhmerynka","Zhmerynka",49.0425,28.0992
"Zhovkva","Zhovkva",50.0667,23.9667
"Zhovti Vody","Zhovti Vody",48.35,33.5167
"Zhydachiv","Zhydachiv",49.3833,24.1333
"Zhytlivka","Zhytlivka",49.1038,38.1885
"Zhytomyr","Zhytomyr",50.2544,28.6578
"Zinkiv","Zinkiv",50.2081,34.3668
"Zmiiv","Zmiiv",49.6878,36.3558
"Znamianka","Znamianka",48.7136,32.6733
"Zolochiv","Zolochiv",50.2691,35.976
"Zolote","Zolote",48.6833,38.5167
"Zolotonosha","Zolotonosha",49.6833,32.0333
"Zoria","Zoria",45.9917,29.6989
"Zvenyhorodka","Zvenyhorodka",49.0833,30.9667
"Soledar","Soledar",48.6833,38.1
"Tsentralne","Tsentralne",46.9055,32.4732
"Azov","Azov",47.1558,37.8614
"Pershotravneve","Pershotravneve",51.3919,28.8764
"Pokrovka","Pokrovka",46.4869,31.6994
"Novomikolaivka","Novomikolaivka",47.9747,35.9069
"Barativka","Barativka",46.946111,32.781111
"Sirnitsia","Sirnitsia",51.430556,28.159167
"TernoviPodi","TernoviPodi",46.8596,32.3772
"Volodimirivka","Volodimirivka",47.7272,37.4061
"Andriivka","Andriivka",47.176944,33.046111
"Soldatske","Soldatske",46.76,32.2492
"Liubomirivka","Liubomirivka",46.8886,32.3756
"Bruskinske","Bruskinske",47.1575,33.209444
"Kostromka","Kostromka",47.138056,33.149722
"Petrivka","Petrivka",46.8259161,32.6338419
"Blahodativka","Blahodativka",47.176389,33.008333
"Miroliubivka","Miroliubivka",46.728333,32.293889
"Husarivka","Husarivka",49.358333,36.814722
"Liubimivka","Liubimivka",47.392778,33.716667
"Promin","Promin",46.896389,32.738611
"Serebrianka","Serebrianka",48.9175,38.134167
"Stanislav","Stanislav",46.570278,32.1475
"Udi","Udi",50.391667,36.066111
"Yaremivka","Yaremivka",49.085833,37.455
"Bairak","Bairak",50.0296338,36.4103295
"Kodema","Kodema",48.474444,38.090833
"NovaHusarivka","NovaHusarivka",49.391389,36.876944
"Olhine","Olhine",47.475278,33.487778
"Verbivka","Verbivka",49.488333,36.838889
"Yakovenkove","Yakovenkove",49.529444,36.914722
"Bakhmutske","Bakhmutske",48.660278,38.099722
"Raihorodok","Raihorodok",48.900278,37.723889
"Spirne","Spirne",48.8075,38.246111
"Staryi Karavan","StariiKaravan",48.92,37.782222
"Zaitseve","Zaitseve",48.526667,38.066944
"Borshchivka","Borshchivka",49.503056,36.969722
"Dementiivka","Dementiivka",50.2325,36.236944
"Dovhalivka","Dovhalivka",49.380833,37.073889
"Hrushivka","Hrushivka",49.676111,37.472222
"Male Vesele","MaleVesele",50.146389,36.543889
"Pisky-Radkivskiy","PiskiRadkivskii",49.266944,37.609167
"Holubivka","Holubivka",49.750556,37.6325
"Kivsharivka","Kivsharivka",49.628889,37.683056
"Studenok","Studenok",49.0883,37.4855
"Mala Seideminukha","MalaSeideminukha",47.132778,33.006944
"Novohredneve","Novohredneve",47.1525,33.001389
"Hryanykivka","Hrianikivka",49.841111,37.71
"Sosnove","Sosnove",50.816667,27
"Novodnistrovsk","Novodnistrovsk",48.577778,27.441389
"Dibrova","Dibrova",48.92024,37.8501819
"Shchurove","Shchurove",48.961667,37.716389
"Yarova","Yarova",49.053611,37.648611
"PervomaiskeMykolaiv","PervomaiskeMykolaiv",47.043333,32.436111
"PervomaiskeMykolaiv","PervomaiskeMykolaiv",48.096583,37.593306
"Korovii Yar","KoroviiYar",49.155,37.626944
"Tavilzhanka","Tavilzhanka",49.848056,37.773056
"Maliivka","Maliivka",49.244722,37.705
"Shevchenko","Shevchenko",48.22,37.145278
"Karpivka","Karpivka",49.175,37.726111
"Nove","Nove",49.1625,37.830556
"Katerinivka","Katerinivka",49.181944,37.865
"PiskiRadkivski","PiskiRadkivski",49.266944,37.609167
"Kolodiazi","Kolodiazi",37.8875794,49.0860316
"Shevchekivka","Shevchekivka",47.358056,33.8525
"Zolota Balka","ZolotaBalka",47.379722,33.958889
"Havrilivka","Havrilivka",47.222044,33.876833
"Bohuslavka","Bohuslavka",49.474722,37.683611
"Borivska Andrivka","BorivskaAndrivka",49.409722,37.73
"Dudchany","Dudchani",47.188389,33.776111
"Starosillya","Starosillia",47.375556,33.375
"Hrekivka","Hrekivka",49.245833,37.915
"Borivska Andriyivka","BorivskaAndriiivka",49.409444,37.730833
"Chaplyne","Chapline",48.127778,36.231944
"Chasiv Yar","ChasivYar",48.588442,37.835883
"Serhiivka,Bilhorod-Dnistrovskyi","Serhiivka,Bilhorod-Dnistrovskyi",46.023611,30.374444
"Serhiivka,Svatove","Serhiivka,Svatove",49.361389,37.958333
"Kopani","Kopani",47.453611,35.731389
"Nesteryanka","Nesterianka",47.495556,35.68
"Sokolohirne","Sokolohirne",46.499444,34.945556
"Zolotarivka","Zolotarivka",48.876667,38.269167
"Bezimenne","Bezimenne",47.100278,33.116389
"ProminMikolaivOblast","ProminMikolaivOblast",46.896389,32.738611
"Trifonivka","Trifonivka",47.25747,33.5127
"Borozenske","Borozenske",47.178611,33.419722
"Novohrednyeve","Novohrednieve",47.1525,33.001389
"Sarny","Sarni",51.337222,26.605833
"Varash","Varash",51.344444,25.850833
"Sakko I Vantsetti","SakkoIVantsetti",48.746111,38.031667
"Krasna Hora","KrasnaHora",48.664444,38.018333
"Hannivka","Hannivka",47.515278,33.301667
"Paraskoviivka","Paraskoviivka",48.661667,38.002222
"Hadiach","Hadiach",50.366667,34
"Chervonopopivka","Chervonopopivka",49.131389,38.146111
"Topoli","Topoli",50.011944,37.918333
"Vilshana","Vilshana",49.784167,37.801111
"Ivanivske","Ivanivske",48.572222,37.916944
"Khromove","Khromove",48.6,37.945833
"SakkoiVantsetti","SakkoiVantsetti",48.746111,38.031667
"Bobryk","Bobrik",50.416667,34.245
"Narodychi","Narodichi",51.202778,29.0775
"Kadiivka","Kadiivka",48.568056,38.658611
"Partyzanske","Partizanske",47.070056,32.533472
"Pirky","Pirki",50.2668263,34.4143943
"Zaporizke","Zaporizke",48.2069903,35.4918081
"East Topoli","EastTopoli",49.965556,37.909167
"Stelmakhivka","Stelmakhivka",49.4794388,37.865613
"Zviahel","Zviahel",50.583333,27.633333
"Stepnohirsk","Stepnohirsk",47.587222,35.354722
"Neskuchne","Neskuchne",47.817,36.809
"Fedorivka","Fedorivka",47.541111,36.559167
"Robotyne","Robotine",47.44308,35.82607
"Staromaiorske","Staromaiorske",47.753333,36.795833
"HolubivkaKirovsk","HolubivkaKirovsk",48.633333,38.65
"Novoselivske","Novoselivske",49.522222,37.9525
"Kozachi Laheri","KozachiLaheri",46.707,32.983
"Novopokrovka","Novopokrovka",47.505556,35.985
"Novoprokopivka","Novoprokopivka",47.4125,35.836389
"Verbove","Verbove",47.426667,35.996944
"Kurdiumivka","Kurdiumivka",48.468333,37.96
"Klishchiivka","Klishchiivka",48.528056,37.958333
"BlahodatneVolnovakha","BlahodatneVolnovakha",47.796389,36.815278
"Levadne","Levadne",47.743889,36.596667
"Lobkove","Lobkove",47.522778,35.439722
"Makarivka","Makarivka",47.778056,36.801389
"Novodarivka","Novodarivka",47.780833,36.634444
"Rivnopil","Rivnopil",47.786111,36.699167
"Storozheve","Storozheve",47.799167,36.7975
"Nadiia","Nadiia",49.370833,37.925278
"Novoiehorivka","Novoiehorivka",49.331111,37.925
"Novomlynsk","Novomlinsk",49.881944,37.733333
"Orikhovo-Vasylivka","OrikhovoVasilivka",48.680556,37.8775
"Urozhaine","Urozhaine",47.748611,36.819167
"Pishchanivka","Pishchanivka",46.649167,32.841667
"PoimaUkraine","PoimaUkraine",46.63,32.833611
"Poima","Poima",46.63,32.833611
"Krynky","Krinki",46.734167,33.083056
"Stepove","Stepove",48.194722,37.679444
"Sinkivka","Sinkivka",49.763333,37.697778
"Topoliruraltipesettlement","Topoliruraltipesettlement",50.015278,37.916667
"Topolivillage","Topolivillage",49.964444,37.908611
"Bilohrudove","Bilohrudove",46.55,32.523
"Radcha","Radcha",51.351389,29.281944
"Vasiukivka","Vasiukivka",48.742778,37.988889
"Dorozhnianka","Dorozhnianka",47.591944,36.281389
"Alupka","Alupka",44.419722,34.043056
"Armiansk","Armiansk",46.114722,33.690556
"Dvorichne","Dvorichne",49.853056,37.731944
"Fyholivka","Fiholivka",49.900278,37.701111
"Heorhiivka","Heorhiivka",47.962222,37.445556
"Hertsa","Hertsa",48.15,26.25
"Horobivka","Horobivka",49.831667,37.728889
"Kalinove","Kalinove",49.781944,37.632222
"KamiankaKupiansk","KamiankaKupiansk",49.985556,37.832222
"Kislivka","Kislivka",49.641944,37.900833
"Kitsman","Kitsman",48.441667,25.76
"Kotliarivka","Kotliarivka",49.629722,37.906667
"KrasnePershe","KrasnePershe",49.943333,37.759167
"Krasnohorivkaciti","Krasnohorivkaciti",48.006667,37.512778
"Krasnohorivkavillage","Krasnohorivkavillage",48.206389,37.726111
"Krokhmalne","Krokhmalne",49.573889,37.915556
"LimanPershii","LimanPershii",49.791111,37.706389
"Sokyriany","Sokiriani",48.45,27.366667
"Tabaivka","Tabaivka",49.600278,37.8775
"Vashkivtsi","Vashkivtsi",48.375278,25.497778
"Vyzhnytsia","Vizhnitsia",48.25,25.191667
"Zapadne","Zapadne",49.821389,37.614444
"Zastavna","Zastavna",48.520278,25.845
"PervomaiskePokrovsk","PervomaiskePokrovsk",48.096583,37.593306
"SerhiivkaBilhorod-Dnistrovskii","SerhiivkaBilhorod-Dnistrovskii",46.023611,30.374444
"Lastochkyne","Lastochkine",48.148333,37.681667
"Pobieda","Pobieda",47.914722,37.461111
"Sieverne","Sieverne",48.128056,37.668056
"KirovskHolubivka","KirovskHolubivka",48.633333,38.65
"Orlivka","Orlivka",48.1625,37.637222
"Tonenke","Tonenke",48.140278,37.638056
"Vodiane","Vodiane",48.096111,37.666111
"Netailove","Netailove",48.1025,37.549444
"Novokalynove","Novokalinove",48.248056,37.697778
"Keramik","Keramik",48.253056,37.683333
"Novobakhmutivka","Novobakhmutivka",48.227222,37.619167
"Soloviove","Soloviove",48.224722,37.5975
"Buhaivka","Buhaivka",50.288056,36.241667
"Buhruvatka","Buhruvatka",50.258056,36.820278
"Hatishche","Hatishche",50.304444,36.863889
"Hliboke","Hliboke",50.26,36.423611
"Izbitske","Izbitske",50.205556,36.741389
"Krasne","Krasne",50.281944,36.459722
"Kudiivka","Kudiivka",50.291389,36.261667
"Lukiantsi","Lukiantsi",50.248333,36.507778
"Morokhovets","Morokhovets",50.273056,36.471111
"Nevelske","Nevelske",48.061111,37.576111
"Novopokrovske","Novopokrovske",48.204167,37.569722
"Ohirtseve","Ohirtseve",50.296389,36.84
"Oliinikove","Oliinikove",50.2678,36.4844
"Pilna","Pilna",50.286944,36.517778
"Pletenivka","Pletenivka",50.333611,36.929722
"Rozdolivka","Rozdolivka",48.755,38.086389
"Staritsia","Staritsia",50.241678,36.796592
"Strilecha","Strilecha",50.302778,36.401389
"Tikhe","Tikhe",50.307778,37.013611
"Tokarivka","Tokarivka",50.281667,36.235
"Umanske","Umanske",48.154444,37.565278
"Zibine","Zibine",50.306111,37.082222
"Miasozharivka","Miasozharivka",49.4425,37.906944
"Borisivka","Borisivka",50.275278,36.561944
"Prilipka","Prilipka",50.251667,36.850833
"VovchanskiKhutori","VovchanskiKhutori",50.299722,37.031667
"Druzhba","Druzhba",NA,NA
"Karlivka","Karlivka",NA,NA
"Maksimilianivka","Maksimilianivka",NA,NA
"NovoselivkaPersha","NovoselivkaPersha",NA,NA
"Pivnichne","Pivnichne",NA,NA
"Rizhivka","Rizhivka",NA,NA
"Shumi","Shumi",NA,NA
"Sokil","Sokil",NA,NA
"Timkivka","Timkivka",NA,NA
"Verkhniokamianske","Verkhniokamianske",NA,NA
"Yasnobrodivka","Yasnobrodivka",NA,NA
"Yevhevivka","Yevhevivka",NA,NA
"Zahirne","Zahirne",NA,NA
"Zalizne","Zalizne",NA,NA
"Vozdvizhenka","Vozdvizhenka",NA,NA
"SotnitskiiKozachok","SotnitskiiKozachok",NA,NA
"Lozuvatske","Lozuvatske",NA,NA
"Prohres","Prohres",NA,NA
"Voskhod","Voskhod",NA,NA
"IvanoDariivka","IvanoDariivka",NA,NA
"Zhelanne","Zhelanne",NA,NA
"SerhiivkaPokrovsk","SerhiivkaPokrovsk",NA,NA
"YevhenivkaPokrovskRaionDonetskOblast","YevhenivkaPokrovskRaionDonetskOblast",NA,NA
"Yevhenivka","Yevhenivka",NA,NA
"Druzhba","Druzhba",NA,NA
"IvanoDariivka","IvanoDariivka",NA,NA
"Karlivka","Karlivka",NA,NA
"Lozuvatske","Lozuvatske",NA,NA
"Maksimilianivka","Maksimilianivka",NA,NA
"NovoselivkaPersha","NovoselivkaPersha",NA,NA
"Pivnichne","Pivnichne",NA,NA
"Prohres","Prohres",NA,NA
"Rizhivka","Rizhivka",NA,NA
"SerhiivkaPokrovsk","SerhiivkaPokrovsk",NA,NA
"Shumi","Shumi",NA,NA
"Sokil","Sokil",NA,NA
"SotnitskiiKozachok","SotnitskiiKozachok",NA,NA
"Timkivka","Timkivka",NA,NA
"Verkhniokamianske","Verkhniokamianske",NA,NA
"Voskhod","Voskhod",NA,NA
"Vozdvizhenka","Vozdvizhenka",NA,NA
"Yasnobrodivka","Yasnobrodivka",NA,NA
"Yevhenivka","Yevhenivka",NA,NA
"Zahirne","Zahirne",NA,NA
"Zalizne","Zalizne",NA,NA
"Zhelanne","Zhelanne",NA,NA
