"Name","Population","Held by","source","As of","More information","sourceLink","update","Lat","Lon"
"Alchevsk","106550","Luhansk PR","","2 May 2014","Captured by  Luhansk PR in mid-April 2014. ","","30 May 2022 05h37 UTC","48.4672","38.7983"
"Apostolove","16356","Ukraine","","24 February 2022","","","30 May 2022 05h37 UTC","47.6595","33.717"
"Arkhanhelske","1769","Russia","87","21 May 2022","Captured by  Russia in 2022. ","https://www.facebook.com/GeneralStaff.ua/posts/311567034489715","30 May 2022 05h37 UTC","47.4297","33.4081"
"Avdiivka","31940","Contested","14","24 March 2022","See Battle of Avdiivka (2017), Battle of AvdiivkaCaptured by  Donetsk PR in mid-April 2014. Recaptured by  Ukraine 21 July 2014. ","https://web.archive.org/web/20220223213939/https://www.politico.eu/article/crimea-peninsula-relation-russia-ukraine/","30 May 2022 05h37 UTC","48.1333","37.75"
"Bakhmach","17192","Ukraine","1","4 April 2022","","https://en.wikipedia.org/wiki/Hero_City_of_Ukraine","30 May 2022 05h37 UTC","51.1831","32.8297"
"Bakhmut","72310","Ukraine","15","23 September 2015","Captured by  Donetsk PR in April 2014. Recaptured by  Ukraine 7 July 2014. Midna Ruda ","https://www.channel4.com/news/i-was-beaten-with-an-axe-fleeing-russian-occupied-ukraine","30 May 2022 05h37 UTC","48.6044","38.0067"
"Balakliia","26921","Russia","55","25 May 2022","Captured by  Russia 3 March 2022. ","https://www.understandingwar.org/backgrounder/russian-offensive-campaign-assessment-april-27","30 May 2022 05h37 UTC","49.4564","36.8389"
"Bar","15563","Ukraine","","24 February 2022","","","30 May 2022 05h37 UTC","49.0781","27.6831"
"Barvinkove","8110","Ukraine","56","30 April 2022","","https://crisis24.garda.com/alerts/2022/05/ukraine-russia-continues-offensive-in-east-of-country-as-of-may-1-update-86","30 May 2022 05h37 UTC","48.9067","37.0131"
"Bazaliivka ","609","Ukraine","57","20 April 2022","","https://dani-info.com/vnaslidok-obstrilu-balakliyi-odna-lyudina-zaginula-semero-poraneni/","30 May 2022 05h37 UTC","49.83","36.9949"
"Berdiansk","107928","Russia","154","27 February 2022","See Berdiansk port attackCaptured by  Russia 27 February 2022. ","https://www.youtube.com/watch?v=v3HKid-xeEQ","30 May 2022 05h37 UTC","46.7598","36.7845"
"Berdychiv","73999","Ukraine","","24 February 2022","","","30 May 2022 05h37 UTC","49.8919","28.6"
"Berehove","23485","Ukraine","","24 February 2022","","","30 May 2022 05h37 UTC","48.2025","22.6375"
"Berezhany","17316","Ukraine","","24 February 2022","","","30 May 2022 05h37 UTC","49.45","24.9333"
"Beryslav","12123","Russia","88","30 March 2022","Captured by  Russia 27 February 2022. ","https://www.france24.com/en/europe/20220410-live-russian-rockets-destroy-ukraine-s-dnipro-airport","30 May 2022 05h37 UTC","46.8333","33.4167"
"Bershad","12446","Ukraine","","24 February 2022","","","30 May 2022 05h37 UTC","48.3728","29.5325"
"Bila Krynytsia","1175","Ukraine","89","29 May 2022","","https://ua.korrespondent.net/ukraine/4457270-dnipropetrovska-oblast-hotova-do-oporu-korban","30 May 2022 05h37 UTC","",""
"Bila Tserkva","208737","Ukraine","","24 February 2022","","","30 May 2022 05h37 UTC","49.7956","30.1167"
"Bile (Snake Island)","100","Russia","","24 February 2022","See Attack on Snake IslandCaptured by  Russia 24 February 2022. ","","30 May 2022 05h37 UTC","45.255","30.2042"
"Bilhorod-Dnistrovskyi","48197","Ukraine","","24 February 2022","","","30 May 2022 05h37 UTC","46.1833","30.3333"
"Bilyaivka ","684","Russia","90","26 April 2022","Captured by  Russia in 2022. ","https://smallwarsjournal.com/blog/ukraine-war-bulletin-march-30-1030-am-est","30 May 2022 05h37 UTC","47.3244","33.7019"
"Bilmak","6507","Russia","155","15 March 2022","Captured by  Russia 14 March 2022. ","https://news.err.ee/1608543799/err-in-mykolaiv-villagers-shared-intel-on-russian-forces","30 May 2022 05h37 UTC","47.3589","36.65"
"Bilohirka","","Ukraine","89","29 May 2022","","https://ua.korrespondent.net/ukraine/4457270-dnipropetrovska-oblast-hotova-do-oporu-korban","30 May 2022 05h37 UTC","",""
"Bilohorivka","828","Contested","124","11 May 2022","","https://web.archive.org/web/20220401134037/https://apostrophe.ua/news/kyiv/2022-04-01/ukrainskie-voennyie-zanyali-vorzel-pod-kievom/264599","30 May 2022 05h37 UTC","48.9272","38.2486"
"Bilolutsk","3729","Russia","126","13 March 2022","","https://www.understandingwar.org/backgrounder/russian-offensive-campaign-assessment-may-8","30 May 2022 05h37 UTC","49.4847","39.1333"
"Bilovodsk","7771","Russia","126","13 March 2022","Captured by  Russia/ LPR 25 February 2022. ","https://www.understandingwar.org/backgrounder/russian-offensive-campaign-assessment-may-8","30 May 2022 05h37 UTC","49.1992","39.5756"
"Blahodatne ","1008","Russia","91","30 April 2022","","https://www.understandingwar.org/backgrounder/russian-offensive-campaign-assessment-may-29","30 May 2022 05h37 UTC","46.7897","32.3456"
"Bobrovytsia","10742","Ukraine","1","4 April 2022","","https://en.wikipedia.org/wiki/Hero_City_of_Ukraine","30 May 2022 05h37 UTC","50.7333","31.3833"
"Bohodukhiv","15797","Ukraine","","24 February 2022","","","30 May 2022 05h37 UTC","50.1608","35.5164"
"Borivske ","5692","Russia","127","13 March 2022","","https://www.understandingwar.org/backgrounder/russian-offensive-campaign-assessment-may-11","30 May 2022 05h37 UTC","48.8678","38.5664"
"Borodianka","13044","Ukraine","107","1 April 2022","See Bombing of Borodianka","https://www.mil.gov.ua/en/news/2022/05/11/the-operational-update-regarding-the-russian-invasion-on-06-00-on-may-11-2022/","30 May 2022 05h37 UTC","50.6439","29.9339"
"Borova","5174","Russia","59","14 April 2022","Captured by  Russia 14 April 2022. ","https://www.understandingwar.org/backgrounder/russian-offensive-campaign-assessment-april-18","30 May 2022 05h37 UTC","49.3817","37.6408"
"Borzna","9632","Ukraine","1","4 April 2022","","https://en.wikipedia.org/wiki/Hero_City_of_Ukraine","30 May 2022 05h37 UTC","51.2333","32.4167"
"Brazhkivka ","330","Russia","60","6 April 2022","Control claimed by Ukraine","https://www.aljazeera.com/news/2022/4/20/russia-launches-new-offensive-to-take-ukraines-east","30 May 2022 05h37 UTC","49.0409","37.215"
"Brody","23335","Ukraine","","24 February 2022","","","30 May 2022 05h37 UTC","50.0781","25.1542"
"Brovary","109473","Ukraine","109","1 April 2022","See Battle of Brovary","https://web.archive.org/web/20220402012017/https://www.telegraph.co.uk/world-news/2022/04/01/liberated-villagers-weep-joy-ukrainian-soldiers-push-back-humiliated/","30 May 2022 05h37 UTC","50.5114","30.7903"
"Bucha","36971","Ukraine","109","1 April 2022","See Battle of Bucha, Bucha massacreCaptured by  Russia 12 March 2022. Recaptured by  Ukraine 31 March 2022. ","https://web.archive.org/web/20220402012017/https://www.telegraph.co.uk/world-news/2022/04/01/liberated-villagers-weep-joy-ukrainian-soldiers-push-back-humiliated/","30 May 2022 05h37 UTC","50.5464","30.235"
"Buryn","8359","Ukraine","60","6 April 2022","Captured by  Russia 25 February 2022. Recaptured by  Ukraine 4 April 2022. ","https://www.aljazeera.com/news/2022/4/20/russia-launches-new-offensive-to-take-ukraines-east","30 May 2022 05h37 UTC","51.1958","33.8267"
"Burshtyn","14866","Ukraine","","24 February 2022","","","30 May 2022 05h37 UTC","49.26","24.635"
"Buzova","1548","Ukraine","110","1 April 2022","","https://www.reuters.com/world/europe/russia-withdrawing-some-troops-kyiv-region-governor-2022-04-01/","30 May 2022 05h37 UTC","50.4212","30.0448"
"Chaplynka","9539","Russia","92","27 April 2022","Captured by  Russia in 2022. ","https://khoda.gov.ua/operativna-%D1%96nformac%D1%96ja-po-hersonshhin%D1%96--za-danimi-v%D1%96d-rda-ta-otg-26-04-2022r--stanom-na-15%3A00","30 May 2022 05h37 UTC","46.3618","33.5327"
"Cherkasy","272651","Ukraine","","24 February 2022","","","30 May 2022 05h37 UTC","49.4444","32.0597"
"Cherkaski Tyshky ","1165","Ukraine","62","10 May 2022","","https://www.understandingwar.org/backgrounder/russian-offensive-campaign-assessment-april-6","30 May 2022 05h37 UTC","50.1172","36.3753"
"Chernihiv","285234","Ukraine","3","25 March 2022","See Siege of Chernihiv, Chernihiv bombing, Chernihiv breadline attack","https://ukranews.com/en/news/846757-russian-military-leaves-chernihiv-region-plants-mines-in-many-areas-governor-chaus","30 May 2022 05h37 UTC","51.4939","31.2947"
"Chernihivka","5645","Russia","155","17 March 2022","Captured by  Russia 14 March 2022. ","https://news.err.ee/1608543799/err-in-mykolaiv-villagers-shared-intel-on-russian-forces","30 May 2022 05h37 UTC","47.1942","36.2023"
"Chernivtsi","265471","Ukraine","","24 February 2022","","","30 May 2022 05h37 UTC","48.2908","25.9344"
"Chernobyl","2500","Ukraine","111","2 April 2022","See Capture of ChernobylCaptured by  Russia 24 February 2022. Recaptured by  Ukraine 2 April 2022. ","https://www.nytimes.com/interactive/2022/world/europe/ukraine-maps.html","30 May 2022 05h37 UTC","51.2705","30.2196"
"Chervonohrad","65180","Ukraine","","24 February 2022","","","30 May 2022 05h37 UTC","50.3911","24.2351"
"Chkalovske","3730","Russia","63","1 May 2022","Captured by  Russia 16 March 2022. ","https://www.understandingwar.org/backgrounder/russian-offensive-campaign-assessment-april-29","30 May 2022 05h37 UTC","49.7134","36.9265"
"Chmyrivka ","4293","Luhansk PR","128","16 April 2022","Captured by  Luhansk PR in 2022. ","https://focus.ua/uk/voennye-novosti/509143-chto-proishodit-v-severodonecke-i-luganske","30 May 2022 05h37 UTC","49.295","38.9444"
"Chornobaivka","9275","Russia","93","27 March 2022","See 2022 Chornobaivka attacksCaptured by  Russia 27 February 2022. ","https://khoda.gov.ua/operativna-%D1%96nformac%D1%96ja-po-hersonshhin%D1%96--za-danimi-v%D1%96d-rda-ta-otg-30-04-2022r--stanom-na-12%3A00","30 May 2022 05h37 UTC","46.6944","32.5417"
"Chortkiv","28393","Ukraine","","24 February 2022","","","30 May 2022 05h37 UTC","49.0167","25.8"
"Chuhuiv","31535","Ukraine","64","7 April 2022","See Chuhuiv air base attackCaptured by  Russia 25 February 2022. Recaptured by  Ukraine 7 March 2022. ","https://www.understandingwar.org/backgrounder/russian-offensive-campaign-assessment-may-10","30 May 2022 05h37 UTC","49.8353","36.6756"
"Chulakivka","3087","Russia","94","15 March 2022","Captured by  Russia 15 March 2022. ","https://khoda.gov.ua/operativna-%D1%96nformac%D1%96ja-po-hersonshhin%D1%96--za-danimi-v%D1%96d-rda-ta-otg-27-04-2022r--stanom-na-16%3A00","30 May 2022 05h37 UTC","46.3601","32.3523"
"Debaltseve","24316","Donetsk PR","","20 February 2015","See Battle of Debaltseve (2015)Captured by  Donetsk PR in mid-April 2014. Recaptured by  Ukraine 29 July 2014. Recaptured by  Donetsk PR 18 February 2015. ","","30 May 2022 05h37 UTC","48.3341","38.4062"
"Derhachi","17433","Ukraine","65","6 April 2022","","https://2day.kh.ua/ua/kharkow/ukrayinska-armiya-proredyla-okupantiv-u-staromu-saltovi","30 May 2022 05h37 UTC","50.1066","36.1211"
"Dymer","5817","Ukraine","107","1 April 2022","Captured by  Russia 2 March 2022. Recaptured by  Ukraine 31 March 2022. ","https://www.mil.gov.ua/en/news/2022/05/11/the-operational-update-regarding-the-russian-invasion-on-06-00-on-may-11-2022/","30 May 2022 05h37 UTC","50.7872","30.3117"
"Dnipro","980948","Ukraine","","24 February 2022","","","30 May 2022 05h37 UTC","48.45","34.9833"
"Dniprorudne","18036","Russia","156","22 April 2022","Captured by  Russia 4 March 2022. ","https://web.archive.org/web/20220227214850/https://edition.cnn.com/europe/live-news/ukraine-russia-news-02-27-22/h_9b36acb1e0881aa346e1e1edec93e14f","30 May 2022 05h37 UTC","47.3855","34.9879"
"Dobryanka ","149","Ukraine","60","6 April 2022","","https://www.aljazeera.com/news/2022/4/20/russia-launches-new-offensive-to-take-ukraines-east","30 May 2022 05h37 UTC","52.0601","31.1837"
"Dolyna","20641","Ukraine","","24 February 2022","","","30 May 2022 05h37 UTC","48.9703","24.0108"
"Donetsk","905364","Donetsk PR","17","22 February 2022","See 2022 Donetsk attackCaptured by  Donetsk PR 7 April 2014. ","https://web.archive.org/web/20150923150638/http://artemrada.gov.ua/uk/news/10260","30 May 2022 05h37 UTC","48.0089","37.8042"
"Dovhenke","850","Ukraine","66","26 April 2022","","https://www.france24.com/en/europe/20220407-underground-in-chuhuiv-ukraine-meet-the-civilians-hiding-from-russian-bombs?ref=tw_i","30 May 2022 05h37 UTC","49.8896","37.6319"
"Drobysheve","2639","Russia","18","22 May 2022","","https://www.facebook.com/GeneralStaff.ua/posts/pfbid02gpdqR4DvkfcZm6bhN86VrCZDGqaYqvtWhhG5nBs5mgScczBJ7nLvEVxYEWcHZRCDl","30 May 2022 05h37 UTC","49.0417","37.7242"
"Drohobych","74610","Ukraine","","24 February 2022","","","30 May 2022 05h37 UTC","49.35","23.5"
"Druzhkivka","55088","Ukraine","19","4 May 2022","","https://web.archive.org/web/20220222235006/https://www.reuters.com/world/europe/hope-fear-uncertainty-donetsk-streets-after-putin-move-2022-02-22/","30 May 2022 05h37 UTC","48.6203","37.5278"
"Dubno","37257","Ukraine","","24 February 2022","","","30 May 2022 05h37 UTC","50.3931","25.735"
"Dvorichna","3387","Russia","59","14 April 2022","Captured by  Russia 14 April 2022. ","https://www.understandingwar.org/backgrounder/russian-offensive-campaign-assessment-april-18","30 May 2022 05h37 UTC","49.85","37.6667"
"Enerhodar","52887","Russia","157","4 March 2022","See Battle of EnerhodarCaptured by  Russia 4 March 2022. ","https://web.archive.org/web/20220317210525/http://1news.zp.ua/pid-zaporizhzhyam-u-polon-vzyali-eks-vagnerivczya/","30 May 2022 05h37 UTC","47.4989","34.6558"
"Fastiv","44841","Ukraine","112","17 March 2022","","https://www.criticalthreats.org/analysis/russian-offensive-campaign-assessment-april-1","30 May 2022 05h37 UTC","50.0747","29.9181"
"Haisyn","25883","Ukraine","","24 February 2022","","","30 May 2022 05h37 UTC","48.8094","29.3906"
"Henichesk","19253","Russia","95","19 April 2022","Captured by  Russia 24 February 2022. ","https://www.thetimes.co.uk/article/ukrainians-watch-astonished-at-groundhog-day-blunders-t332ftnf7","30 May 2022 05h37 UTC","46.1769","34.7989"
"Hirske","9274","Contested","62","10 May 2022","","https://www.understandingwar.org/backgrounder/russian-offensive-campaign-assessment-april-6","30 May 2022 05h37 UTC","48.7519","38.495"
"Hlukhiv","32248","Ukraine","60","6 April 2022","See Battle of Hlukhiv ","https://www.aljazeera.com/news/2022/4/20/russia-launches-new-offensive-to-take-ukraines-east","30 May 2022 05h37 UTC","51.6765","33.9078"
"Hnivan","12314","Ukraine","","24 February 2022","","","30 May 2022 05h37 UTC","49.0833","28.35"
"Horlivka","241106","Donetsk PR","20","9 March 2022","See Battle of Horlivka (2014)Captured by  Donetsk PR in mid-April 2014. ","https://kochegarka.com.ua/v-dnr-reshili-chto-upravlyat-selami-limanskogo-rajona-budut-v-enakievo/","30 May 2022 05h37 UTC","48.3336","38.0925"
"Hornostaipil","1033","Ukraine","113","3 April 2022","Captured by  Russia 24 February 2022. Recaptured by  Ukraine 1 April 2022. ","https://edition.cnn.com/europe/live-news/ukraine-russia-putin-news-04-2-22/h_8ced7c0e79f27958c6ce12f4895d5228","30 May 2022 05h37 UTC","51.0688","30.2637"
"Hornostaivka","603","Russia","96","27 March 2022","Captured by  Russia 25 February 2022. ","https://suspilne.media/217620-na-hersonsini-okupanti-culakivskogo-silskogo-golovu-utrimuut-proti-voli/","30 May 2022 05h37 UTC","47.007","33.728"
"Horodnia","11710","Ukraine","5","2 April 2022","Captured by  Russia 25 February 2022. Recaptured by  Ukraine 2 April 2022. ","https://web.archive.org/web/20220325215958/https://www.understandingwar.org/backgrounder/russian-offensive-campaign-assessment-march-25","30 May 2022 05h37 UTC","51.8833","31.5833"
"Hostomel","17534","Ukraine","4","1 April 2022","See Battle of Hostomel, Battle of Antonov AirportCaptured by  Russia 25 February 2022. Recaptured by  Ukraine 2 April 2022. ","https://edition.cnn.com/europe/live-news/ukraine-russia-putin-news-04-08-22/h_54c43081e719309c702c21d2d1ad8dca","30 May 2022 05h37 UTC","50.5692","30.2653"
"Huliaipole","13070","Ukraine","158","5 May 2022","Fighting taking place around it as of 5 May 2022","https://www.bbc.co.uk/news/world-europe-60725962","30 May 2022 05h37 UTC","47.6644","36.2632"
"Ilovaisk","17620","Donetsk PR","","20 February 2015","See Battle of Ilovaisk (2014)Captured by  Donetsk PR in mid-April 2014. Recaptured by  Ukraine 19 August 2014. Recaptured by  Donetsk PR 1 September 2014. ","","30 May 2022 05h37 UTC","47.926","38.194"
"Inzhenerne","1003","Russia","75","21 May 2022","","https://www.understandingwar.org/backgrounder/russian-offensive-campaign-assessment-april-28","30 May 2022 05h37 UTC","47.4958","36.1256"
"Irpin","62456","Ukraine","114","1 April 2022","See Battle of Irpin, Irpin refugee column shellingPartially captured by  Russia 14 March 2022. Recaptured by  Ukraine 28 March 2022. ","https://www.haaretz.com/world-news/europe/.premium.MAGAZINE-escape-from-kyiv-i-drove-the-long-and-hopeless-road-to-poland-1.10681130","30 May 2022 05h37 UTC","50.5167","30.25"
"Ivankiv","10563","Ukraine","108","1 April 2022","See Battle of IvankivCaptured by  Russia 2 March 2022. Recaptured by  Ukraine 1 April 2022. ","https://vgoru.org/post/ranok-pochavsya-z-vibuhiv-situaciya-u-visokopilskij-gromadi","30 May 2022 05h37 UTC","50.9333","29.9"
"Ivano-Frankivsk","237855","Ukraine","","24 February 2022","","","30 May 2022 05h37 UTC","48.9228","24.7106"
"Izium","45884","Russia","67","1 April 2022","See Battle of IziumCaptured by  Russia 27 March 2022. ","https://www.reuters.com/world/europe/eastern-ukraine-town-empties-residents-fear-new-russian-assault-2022-04-06/","30 May 2022 05h37 UTC","49.2238","37.2915"
"Izmail","70731","Ukraine","","24 February 2022","","","30 May 2022 05h37 UTC","45.35","28.8333"
"Kalynivka","18695","Ukraine","","24 February 2022","","","30 May 2022 05h37 UTC","49.4472","28.5231"
"Kalynivske","1075","Russia","92","27 April 2022","Captured by  Russia 27 April 2022. ","https://khoda.gov.ua/operativna-%D1%96nformac%D1%96ja-po-hersonshhin%D1%96--za-danimi-v%D1%96d-rda-ta-otg-26-04-2022r--stanom-na-15%3A00","30 May 2022 05h37 UTC","47.1142","32.9744"
"Kalush","65814","Ukraine","","24 February 2022","","","30 May 2022 05h37 UTC","49.0442","24.3597"
"Kamianets-Podilskyi","97908","Ukraine","","24 February 2022","","","30 May 2022 05h37 UTC","48.6806","26.5806"
"Kamianka","11146","Ukraine","","24 February 2022","","","30 May 2022 05h37 UTC","49.0333","32.1"
"Kamianka-Dniprovska","12332","Russia","","2 March 2022","Captured by  Russia 2 March 2022. ","","30 May 2022 05h37 UTC","47.4792","34.4232"
"Kamianske","229794","Ukraine","","24 February 2022","","","30 May 2022 05h37 UTC","48.5076","34.6132"
"Kamianske ","2639","Contested","161","19 May 2022","","https://www.understandingwar.org/backgrounder/russian-offensive-campaign-assessment-may-5","30 May 2022 05h37 UTC","48.5076","34.6132"
"Kaniv","23503","Ukraine","","24 February 2022","","","30 May 2022 05h37 UTC","49.7447","31.4558"
"Kerch","149566","Russia","12","24 February 2022","Captured by  Russia 27 February 2014. ","https://web.archive.org/web/20220318173107/https://suspilne.media/216201-aka-gumanitarna-situacia-na-novgorod-siversini/","30 May 2022 05h37 UTC","45.3573","36.4683"
"Kharkiv","1433886","Ukraine","68","2 March 2022","See Battle of Kharkiv (2022), Kharkiv cluster bombing","https://www.understandingwar.org/backgrounder/russian-offensive-campaign-assessment-april-26","30 May 2022 05h37 UTC","50","36.2292"
"Kherson","283649","Russia","97","25 March 2022","See Battle of KhersonCaptured by  Russia 2 March 2022. ","https://edition.cnn.com/europe/live-news/ukraine-russia-putin-news-04-19-22/h_ad118ebf74fb99b39aee56cf0f9ef91e","30 May 2022 05h37 UTC","46.6333","32.6"
"Khmelnytskyi","274582","Ukraine","","24 February 2022","","","30 May 2022 05h37 UTC","49.42","27"
"Khmilnyk","27158","Ukraine","","24 February 2022","","","30 May 2022 05h37 UTC","49.55","27.9667"
"Khotimlya ","1351","Russia","69","1 May 2022","","https://www.radiosvoboda.org/a/news-kyivshchyna-zsu-henshtab/31781218.html","30 May 2022 05h37 UTC","50.0228","36.8758"
"Khreshchenivka ","780","Russia","98","16 April 2022","Captured by  Russia 16 April 2022. ","https://suspilne.media/219325-rosijski-vijskovi-trimali-dobu-v-zarucnikah-starostu-sela-na-hersonsini-narazi-jogo-vidpustili/","30 May 2022 05h37 UTC","47.3853","33.8217"
"Khrystynivka","10068","Ukraine","","24 February 2022","","","30 May 2022 05h37 UTC","48.8333","29.9667"
"Khust","28206","Ukraine","","24 February 2022","","","30 May 2022 05h37 UTC","48.1814","23.2978"
"Kyiv","2962180","Ukraine","117","28 February 2022","See Battle of Kyiv, Kyiv shopping centre bombing","https://www.bbc.co.uk/news/world-europe-60959667","30 May 2022 05h37 UTC","50.45","30.5236"
"Kyselivka","2466","Russia","91","30 April 2022","","https://www.understandingwar.org/backgrounder/russian-offensive-campaign-assessment-may-29","30 May 2022 05h37 UTC","46.7553","32.4075"
"Kivertsi","13917","Ukraine","","24 February 2022","","","30 May 2022 05h37 UTC","50.8331","25.4614"
"Klavdiievo-Tarasove","5019","Ukraine","116","2 April 2022","Captured by  Russia in 2022. Recaptured by  Ukraine 1 April 2022. ","https://www.understandingwar.org/backgrounder/russian-offensive-campaign-assessment-march-28","30 May 2022 05h37 UTC","50.5825","30.0053"
"Kochetok","2968","Ukraine","70","3 May 2022","","https://web.archive.org/web/20220303021005/https://www.wsj.com/articles/russia-resumes-kharkiv-bombardment-in-bid-to-break-ukrainian-resistance-11646208607","30 May 2022 05h37 UTC","49.8783","36.7378"
"Kolomyia","61140","Ukraine","","24 February 2022","","","30 May 2022 05h37 UTC","48.5167","25.0333"
"Konotop","84787","Ukraine","60","6 April 2022","See Battle of KonotopCaptured by  Russia 25 February 2022. Recaptured by  Ukraine 4 April 2022. ","https://www.aljazeera.com/news/2022/4/20/russia-launches-new-offensive-to-take-ukraines-east","30 May 2022 05h37 UTC","51.2369","33.2027"
"Koriukivka","12409","Ukraine","1","4 April 2022","Captured by  Russia 25 February 2022. Recaptured by  Ukraine 4 April 2022. ","https://en.wikipedia.org/wiki/Hero_City_of_Ukraine","30 May 2022 05h37 UTC","51.7833","32.25"
"Korsun-Shevchenkivskyi","17474","Ukraine","","24 February 2022","","","30 May 2022 05h37 UTC","49.4261","31.2806"
"Kostiantynivka","68792","Ukraine","21","10 March 2022","Captured by  Donetsk PR in mid-April 2014. Recaptured by  Ukraine 7 July 2014. ","https://www.lemonde.fr/en/international/article/2022/05/04/war-in-ukraine-le-monde-s-reporter-covering-the-donbas-answers-readers-questions_5982448_4.html","30 May 2022 05h37 UTC","48.5333","37.7167"
"Kostopil","31060","Ukraine","","24 February 2022","","","30 May 2022 05h37 UTC","50.8833","26.4431"
"Kovel","67991","Ukraine","","24 February 2022","","","30 May 2022 05h37 UTC","51.2167","24.7167"
"Kozacha Lopan","5005","Russia","71","9 May 2022","Captured by  Russia in February 2022. ","https://ukrainenews.fakty.ua/400542-radost-so-slezami-na-glazah-zhiteli-harkovcshiny-ne-smogli-sderzhat-emocij-pri-vstreche-voinov-vsu-posle-2-mesyacev-okkupacii","30 May 2022 05h37 UTC","50.3319","36.1936"
"Kozelets","7646","Ukraine","7","29 March 2022","Captured by  Russia 3 March 2022. Recaptured by  Ukraine 31 March 2022. ","https://web.archive.org/web/20220224214801/https://suspilne.media/210292-u-gorodni-ta-semenivci-fiksuut-rosijsku-vijskovu-tehniku/","30 May 2022 05h37 UTC","50.9164","31.1147"
"Koziatyn","22634","Ukraine","","24 February 2022","","","30 May 2022 05h37 UTC","49.7167","28.8333"
"Kramatorsk","150084","Ukraine","19","4 May 2022","See Battle of Kramatorsk (2014), Kramatorsk railway station attackCaptured by  Donetsk PR 12 April 2014. Recaptured by  Ukraine 5 July 2014. ","https://web.archive.org/web/20220222235006/https://www.reuters.com/world/europe/hope-fear-uncertainty-donetsk-streets-after-putin-move-2022-02-22/","30 May 2022 05h37 UTC","48.7208","37.5556"
"Krasnyi Luch","79764","Luhansk PR","130","25 February 2022","Captured by  Luhansk PR in mid-April 2014. ","https://vchasnoua.com/donbass/72166-skladne-zhyttia-v-okupatsii-prokuratura-rozsliduie-spravy-poviazani-zi-zlochynamy-na-okupovanykh-rosiianamy-terytoriiakh-luhanshchyny","30 May 2022 05h37 UTC","48.1406","38.9367"
"Krasnohorivka","14917","Ukraine","21","10 March 2022","","https://www.lemonde.fr/en/international/article/2022/05/04/war-in-ukraine-le-monde-s-reporter-covering-the-donbas-answers-readers-questions_5982448_4.html","30 May 2022 05h37 UTC","48.0067","37.5128"
"Krasnohrad","20013","Ukraine","","24 February 2022","","","30 May 2022 05h37 UTC","49.373","35.4614"
"Krasnorichenske","3873","Russia","129","7 March 2022","","https://www.pravda.com.ua/news/2022/03/13/7331036/","30 May 2022 05h37 UTC","49.2103","38.2075"
"Kremenchuk","217710","Ukraine","","24 February 2022","","","30 May 2022 05h37 UTC","49.0775","33.4239"
"Kreminna","18417","Russia","131","19 April 2022","Captured by  Russia/ LPR 18 April 2022. ","https://www.gp.gov.ua/ua/posts/nezakonne-pozbavlennya-voli-spivrobitnika-policiyi-na-luganshhini-rozpocato-rozsliduvannya","30 May 2022 05h37 UTC","49.0422","38.2177"
"Krymky ","70","Russia","22","22 May 2022","","https://graphics.reuters.com/UKRAINE-CRISIS/zdpxokdxzvx/","30 May 2022 05h37 UTC","49.1394","37.5642"
"Kryvyi Rih","612750","Ukraine","","24 February 2022","","","30 May 2022 05h37 UTC","47.9086","33.3433"
"Krolevets","22437","Ukraine","60","6 April 2022","","https://www.aljazeera.com/news/2022/4/20/russia-launches-new-offensive-to-take-ukraines-east","30 May 2022 05h37 UTC","51.5489","33.386"
"Kropyvnytskyi","222695","Ukraine","","24 February 2022","","","30 May 2022 05h37 UTC","48.5103","32.2667"
"Kupiansk","27169","Russia","59","14 April 2022","Captured by  Russia 27 February 2022. ","https://www.understandingwar.org/backgrounder/russian-offensive-campaign-assessment-april-18","30 May 2022 05h37 UTC","49.7064","37.6167"
"Kupiansk-Vuzlovyi","8397","Russia","72","21 April 2022","Captured by  Russia in 2022. ","https://twitter.com/georgewbarros/status/1521651181763940359","30 May 2022 05h37 UTC","49.6567","37.65"
"Kutuzivka ","1184","Ukraine","73","28 April 2022","","https://www.understandingwar.org/backgrounder/russian-offensive-campaign-assessment-may-9","30 May 2022 05h37 UTC","50.0431","36.4686"
"Ladyzhyn","22593","Ukraine","","24 February 2022","","","30 May 2022 05h37 UTC","48.6667","29.2167"
"Lebedyn","24238","Ukraine","60","6 April 2022","See Battle of Lebedyn","https://www.aljazeera.com/news/2022/4/20/russia-launches-new-offensive-to-take-ukraines-east","30 May 2022 05h37 UTC","50.5831","34.4823"
"Lebyazhe ","1534","Ukraine","58","20 April 2022","","https://news.sky.com/story/ukraine-war-the-town-staring-down-the-barrel-of-putins-war-machine-as-the-fight-for-donbas-intensifies-12601940","30 May 2022 05h37 UTC","49.2596","35.3141"
"Lyman","20469","Contested","25","26 May 2022","See Battle of Lyman (2022)Captured by  Donetsk PR in mid-April 2014. Recaptured by  Ukraine 5 June 2014. City centre recaptured by  Russia/ Donetsk PR 26 May 2022. ","https://gfsis.org.ge/russian-monitor/view/3235","30 May 2022 05h37 UTC","48.9861","37.8111"
"Lyptsi","4182","Russia","72","21 April 2022","Captured by  Russia in 2022. ","https://twitter.com/georgewbarros/status/1521651181763940359","30 May 2022 05h37 UTC","50.2078","36.4172"
"Lysychansk","95031","Contested","125","11 May 2022","Captured by  Luhansk PR mid-April 2014. Recaptured by  Ukraine 25 July 2014. ","https://english.nv.ua/nation/russia-preparing-attack-on-vyshhorod-says-ukrainian-army-command-50223011.html","30 May 2022 05h37 UTC","48.9169","38.4306"
"Liubotyn","20376","Ukraine","","24 February 2022","","","30 May 2022 05h37 UTC","49.9489","35.9306"
"Lozova","54026","Ukraine","","24 February 2022","","","30 May 2022 05h37 UTC","48.8892","36.3161"
"Lubny","44595","Ukraine","","24 February 2022","","","30 May 2022 05h37 UTC","50.0186","32.9869"
"Luhansk","399559","Luhansk PR","132","25 February 2022","See Siege of the Luhansk Border Base (2014)Captured by  Luhansk PR in mid-April 2014. ","https://web.archive.org/web/20210628014205/https://en.interfax.com.ua/news/general/342825.html","30 May 2022 05h37 UTC","48.5833","39.3333"
"Luhanske","2174","Russia","23","26 May 2022","Captured by  Russia May 2022. ","https://www.pravda.com.ua/news/2022/03/10/7330034/","30 May 2022 05h37 UTC","48.4414","38.2539"
"Lupareve ","1268","Ukraine","100","23 April 2022","","https://www.facebook.com/GeneralStaff.ua/posts/295827436063675","30 May 2022 05h37 UTC","46.6953","31.9798"
"Lutsk","217197","Ukraine","","24 February 2022","","","30 May 2022 05h37 UTC","50.7478","25.3244"
"Lviv","717486","Ukraine","148","24 February 2022","Many diplomatic missions have temporarily relocated to Lviv from Kyiv. ","https://espreso.tv/viyska-rf-vzyali-pid-kontrol-voevodivku","30 May 2022 05h37 UTC","49.8419","24.0315"
"Makariv","9589","Ukraine","109","1 April 2022","Captured by  Russia 28 February 2022. Recaptured by  Ukraine 2 March 2022. ","https://web.archive.org/web/20220402012017/https://www.telegraph.co.uk/world-news/2022/04/01/liberated-villagers-weep-joy-ukrainian-soldiers-push-back-humiliated/","30 May 2022 05h37 UTC","50.4667","29.8167"
"Makiivka","340337","Donetsk PR","20","9 March 2022","Captured by  Donetsk PR 13 April 2014. ","https://kochegarka.com.ua/v-dnr-reshili-chto-upravlyat-selami-limanskogo-rajona-budut-v-enakievo/","30 May 2022 05h37 UTC","48.0556","37.9611"
"Malynivka","7500","Ukraine","74","5 April 2022","Captured by  Russia in early 2022. Recaptured by  Ukraine 5 April 2022. ","https://interfax.com.ua/news/general/826134.html","30 May 2022 05h37 UTC","49.7972","36.7139"
"Manhush","7858","Russia","28","22 April 2022","Captured by  Russia/ DPR 9 March 2022. ","https://www.voanews.com/a/latest-developments-in-ukraine-may-27/6591796.html","30 May 2022 05h37 UTC","47.05","37.3"
"Marhanets","45718","Ukraine","","24 February 2022","","","30 May 2022 05h37 UTC","47.648","34.6167"
"Marinka","10722","Contested","14","23 April 2022","See Battle of Marinka (2015)Captured by  Donetsk PR in mid-April 2014. Recaptured by  Ukraine 5 August 2014. ","https://web.archive.org/web/20220223213939/https://www.politico.eu/article/crimea-peninsula-relation-russia-ukraine/","30 May 2022 05h37 UTC","47.9423","37.504"
"Mariupol","431859","Russia","31","17 May 2022","See Siege of Mariupol, Battle of Azovstal, Mariupol hospital airstrike, Mariupol theatre airstrike, Mariupol art school bombing, Battle of Mariupol (2014), 2014 offensive, 2015 attackPartially captured by  Donetsk PR 9 May 2014. Recaptured by  Ukraine 13 June 2014Recaptured by  Russia/ DPR on 16 May 2022. ","https://www.channel4.com/news/ukraine-what-life-is-like-under-russian-occupation","30 May 2022 05h37 UTC","47.1306","37.5639"
"Markivka","5586","Russia","133","13 March 2022","Captured by  Russia/ LPR 25 February 2022. ","https://www.reuters.com/world/europe/russian-forces-seize-city-kreminna-east-ukraine-regional-governor-says-2022-04-19/","30 May 2022 05h37 UTC","49.521","39.5621"
"Melitopol","150768","Russia","162","16 May 2022","See Battle of MelitopolCaptured by  Russia 1 March 2022. ","https://t.me/zoda_gov_ua/7382","30 May 2022 05h37 UTC","46.8333","35.3667"
"Mena","11096","Ukraine","1","4 April 2022","","https://en.wikipedia.org/wiki/Hero_City_of_Ukraine","30 May 2022 05h37 UTC","51.5167","32.2167"
"Merefa","21421","Ukraine","","24 February 2022","","","30 May 2022 05h37 UTC","49.806","36.0503"
"Midna Ruda ","","Russia","89","29 May 2022","","https://ua.korrespondent.net/ukraine/4457270-dnipropetrovska-oblast-hotova-do-oporu-korban","30 May 2022 05h37 UTC","",""
"Mykhailivka","11694","Russia","163","13 May 2022","","https://web.archive.org/web/20220526074703/https://elpais.com/internacional/2022-05-19/en-las-trincheras-de-zaporiyia-esta-es-tierra-de-cosacos-y-ellos-nunca-se-arrodillaron-ante-nadie.html","30 May 2022 05h37 UTC","47.2717","35.2248"
"Mykhailo-Kotsiubynske","2851","Ukraine","8","2 April 2022","Captured by  Russia 25 February 2022. Recaptured by  Ukraine 2 April 2022. ","https://www.understandingwar.org/backgrounder/russian-offensive-campaign-assessment-april-2","30 May 2022 05h37 UTC","51.4528","31.0731"
"Mykolaiv","476101","Ukraine","150","18 March 2022","See Battle of Mykolaiv, Mykolaiv cluster bombing, Government building airstrike","https://web.archive.org/web/20220225112418/https://www.cnn.com/europe/live-news/ukraine-russia-news-02-24-22-intl/h_21803c6f2041c343a9acda71e0db7455","30 May 2022 05h37 UTC","46.9667","32"
"Myrhorod","38447","Ukraine","","24 February 2022","","","30 May 2022 05h37 UTC","49.964","33.6124"
"Myrne","872","Russia","164","24 April 2022","","https://www.newyorker.com/magazine/2022/05/23/a-ukrainian-city-under-a-violent-new-regime","30 May 2022 05h37 UTC","47.4717","35.5983"
"Myronivskyi ","7331","Russia","32","26 May 2022","Captured by  Russia on 23 May 2022","https://www.understandingwar.org/backgrounder/russian-offensive-campaign-assessment-april-23","30 May 2022 05h37 UTC","48.4667","38.2767"
"Mohyliv-Podilskyi","30186","Ukraine","","24 February 2022","","","30 May 2022 05h37 UTC","48.45","27.7833"
"Molodova ","595","Ukraine","70","3 May 2022","","https://web.archive.org/web/20220303021005/https://www.wsj.com/articles/russia-resumes-kharkiv-bombardment-in-bid-to-break-ukrainian-resistance-11646208607","30 May 2022 05h37 UTC","50.0371","36.7717"
"Mukachevo","85903","Ukraine","","24 February 2022","","","30 May 2022 05h37 UTC","48.4493","22.7117"
"Nadvirna","22545","Ukraine","","24 February 2022","","","30 May 2022 05h37 UTC","48.6333","24.5833"
"Nemishaieve","7841","Ukraine","113","3 March 2022","","https://edition.cnn.com/europe/live-news/ukraine-russia-putin-news-04-2-22/h_8ced7c0e79f27958c6ce12f4895d5228","30 May 2022 05h37 UTC","50.5624","30.0925"
"New York","9917","Ukraine","21","10 March 2022","","https://www.lemonde.fr/en/international/article/2022/05/04/war-in-ukraine-le-monde-s-reporter-covering-the-donbas-answers-readers-questions_5982448_4.html","30 May 2022 05h37 UTC","48.3156","37.8839"
"Nikolske","7867","Russia","33","10 March 2022","Captured by  Russia/ DPR 10 March 2022. ","https://www.smh.com.au/world/europe/last-fighters-evacuated-from-besieged-azovstal-mill-in-mariupol-20220517-p5aly5.html","30 May 2022 05h37 UTC","47.2029","37.3197"
"Nikopol","107464","Ukraine","","24 February 2022","","","30 May 2022 05h37 UTC","47.5772","34.3575"
"Nyzhnia Duvanka","1979","Luhansk PR","128","16 April 2022","Captured by  Luhansk PR in 2022. ","https://focus.ua/uk/voennye-novosti/509143-chto-proishodit-v-severodonecke-i-luganske","30 May 2022 05h37 UTC","49.5831","38.1689"
"Nyzhnie","2346","Russia","135","12 May 2022","","https://web.archive.org/web/20220226155817/https://ua.interfax.com.ua/news/general/802510.html","30 May 2022 05h37 UTC","48.7714","38.62"
"Nova Basan","2929","Ukraine","4","1 April 2022","Captured by  Russia 4 March 2022. Recaptured by  Ukraine 1 April 2022. ","https://edition.cnn.com/europe/live-news/ukraine-russia-putin-news-04-08-22/h_54c43081e719309c702c21d2d1ad8dca","30 May 2022 05h37 UTC","50.5677","31.5036"
"Nova Kakhovka","45069","Russia","99","27 February 2022","Captured by  Russia 17 February 2022. ","https://web.archive.org/web/20220401091953/https://edition.cnn.com/europe/live-news/ukraine-russia-putin-news-03-25-22/h_e5becce33053f3be8f8a27b8bf718f15","30 May 2022 05h37 UTC","46.7667","33.3667"
"Nova Zorya ","154","Ukraine","53","27 April 2022","Captured by  Russia 9 March 2022. Recaptured by  Ukraine 22 March 2022. ","https://web.archive.org/web/20170904201347/https://www.kyivpost.com/article/content/war-against-ukraine/no-longer-at-the-war-front-depressed-yenakiyeve-waits-for-recovery-under-russian-occupation-391901.html","30 May 2022 05h37 UTC","46.7425","32.0942"
"Novhorod-Siverskyi","12647","Ukraine","10","11 March 2022","","https://www.lastampa.it/esteri/2022/04/02/news/guerra_russiaucraina_arrivati_a_zaporizhzhia_gli_sfollati_di_mariupol_mosca_rafforza_i_confini_occidentali_gli_usa_danno-2915108/","30 May 2022 05h37 UTC","51.9833","33.2667"
"Novyi Bykiv","2024","Ukraine","6","2 April 2022","Captured by  Russia 25 February 2022. Recaptured by  Ukraine 31 March 2022. ","https://www.understandingwar.org/backgrounder/russian-offensive-campaign-assessment-april-1","30 May 2022 05h37 UTC","50.5974","31.672"
"Novoaidar","7879","Russia","134","19 April 2022","Captured by  Russia/ LPR in 2022. ","https://web.archive.org/web/20220224063524/https://www.dw.com/en/donetsk-and-luhansk-in-ukraine-a-creeping-process-of-occupation/a-60878068","30 May 2022 05h37 UTC","48.9717","39.0058"
"Novoazovsk","11104","Donetsk PR","","28 August 2014","See Battle of Novoazovsk (2014)Captured by  Donetsk PR in mid-April 2014. Recaptured by  Ukraine in June 2014. Recaptured by  Donetsk PR 27 August 2014. ","","30 May 2022 05h37 UTC","47.119","38.067"
"Novohrad-Volynskyi","55463","Ukraine","","24 February 2022","","","30 May 2022 05h37 UTC","50.5833","27.6333"
"Novoluhanske","3700","DPR","24","26 May 2022","Captured by  DPR between 13","https://www.understandingwar.org/backgrounder/russian-offensive-campaign-assessment-may-1","30 May 2022 05h37 UTC","48.4317","38.1747"
"Novomaiorske ","551","Russia","35","10 April 2022","","https://kabar24.bisnis.com/read/20220310/19/1509180/update-situasi-militer-perang-rusia-vs-ukraina-hari-ke-15-serangan-rusia-masih-gencar","30 May 2022 05h37 UTC","47.735","37.0378"
"Novomykhailivka","1439","Russia","22","1 May 2022","","https://graphics.reuters.com/UKRAINE-CRISIS/zdpxokdxzvx/","30 May 2022 05h37 UTC","47.8533","37.4831"
"Novomoskovsk","70230","Ukraine","","24 February 2022","","","30 May 2022 05h37 UTC","48.6328","35.2239"
"Novooleksandrivka ","1319","Russia","90","26 April 2022","Captured by  Russia in 2022. ","https://smallwarsjournal.com/blog/ukraine-war-bulletin-march-30-1030-am-est","30 May 2022 05h37 UTC","47.2664","33.8736"
"Novopetrivka ","1722","Ukraine","53","27 April 2022","","https://web.archive.org/web/20170904201347/https://www.kyivpost.com/article/content/war-against-ukraine/no-longer-at-the-war-front-depressed-yenakiyeve-waits-for-recovery-under-russian-occupation-391901.html","30 May 2022 05h37 UTC","47.0637","34.418"
"Novopskov","9489","Russia","126","13 March 2022","","https://www.understandingwar.org/backgrounder/russian-offensive-campaign-assessment-may-8","30 May 2022 05h37 UTC","49.4847","39.1333"
"Novoraisk","2376","Russia","92","27 April 2022","Captured by  Russia 27 April 2022. ","https://khoda.gov.ua/operativna-%D1%96nformac%D1%96ja-po-hersonshhin%D1%96--za-danimi-v%D1%96d-rda-ta-otg-26-04-2022r--stanom-na-15%3A00","30 May 2022 05h37 UTC","47.0086","33.4856"
"Novoselivka ","1255","Russia","18","22 May 2022","","https://www.facebook.com/GeneralStaff.ua/posts/pfbid02gpdqR4DvkfcZm6bhN86VrCZDGqaYqvtWhhG5nBs5mgScczBJ7nLvEVxYEWcHZRCDl","30 May 2022 05h37 UTC","49.0703","37.6914"
"Novoselivka ","541","Russia","36","23 May 2022","","https://www.washingtonpost.com/world/2022/05/20/ukraine-child-death-funeral/","30 May 2022 05h37 UTC","49.0703","37.6914"
"Novosilka ","104","Ukraine","37","4 May 2022","","https://news.sky.com/video/ukraine-war-ukrainians-say-they-have-hit-an-ammunitions-site-used-by-the-russians-12587222","30 May 2022 05h37 UTC","47.8389","36.6853"
"Novotoshkivske","2170","Russia","53","27 April 2022","Captured by  Russia/ LPR 26 April 2022. ","https://web.archive.org/web/20170904201347/https://www.kyivpost.com/article/content/war-against-ukraine/no-longer-at-the-war-front-depressed-yenakiyeve-waits-for-recovery-under-russian-occupation-391901.html","30 May 2022 05h37 UTC","48.7253","38.6325"
"Novotroitske","6445","Russia","38","6 May 2022","Captured by  Donetsk PR 11 March 2022. ","https://www.understandingwar.org/backgrounder/russian-offensive-campaign-assessment-may-23","30 May 2022 05h37 UTC","47.7172","37.5761"
"Novovolynsk","50417","Ukraine","","24 February 2022","","","30 May 2022 05h37 UTC","50.7333","24.1667"
"Novovorontsovka","6081","Ukraine","92","27 April 2022","","https://khoda.gov.ua/operativna-%D1%96nformac%D1%96ja-po-hersonshhin%D1%96--za-danimi-v%D1%96d-rda-ta-otg-26-04-2022r--stanom-na-15%3A00","30 May 2022 05h37 UTC","47.4981","33.9169"
"Novovosnesenske ","622","Ukraine","60","6 April 2022","","https://www.aljazeera.com/news/2022/4/20/russia-launches-new-offensive-to-take-ukraines-east","30 May 2022 05h37 UTC","47.4283","33.6014"
"Obukhiv","33443","Ukraine","","24 February 2022","","","30 May 2022 05h37 UTC","50.1","30.6167"
"Ochakiv","13927","Ukraine","","24 February 2022","","","30 May 2022 05h37 UTC","46.6186","31.5392"
"Ocheretyne","3573","Contested","14","24 March 2022","","https://web.archive.org/web/20220223213939/https://www.politico.eu/article/crimea-peninsula-relation-russia-ukraine/","30 May 2022 05h37 UTC","48.2443","37.6116"
"Odessa","1015826","Ukraine","","24 February 2022","See Bombing of Odessa","","30 May 2022 05h37 UTC","46.4825","30.7233"
"Okhtyrka","47216","Ukraine","60","6 April 2022","See Battle of Okhtyrka","https://www.aljazeera.com/news/2022/4/20/russia-launches-new-offensive-to-take-ukraines-east","30 May 2022 05h37 UTC","50.3074","34.9016"
"Oleksandriia","77303","Ukraine","","24 February 2022","","","30 May 2022 05h37 UTC","48.6633","33.0968"
"Oleksandrivka ","499","Russia","18","22 May 2022","","https://www.facebook.com/GeneralStaff.ua/posts/pfbid02gpdqR4DvkfcZm6bhN86VrCZDGqaYqvtWhhG5nBs5mgScczBJ7nLvEVxYEWcHZRCDl","30 May 2022 05h37 UTC","46.615","32.1113"
"Oleksandrivka","2596","Ukraine","54","1 May 2022","Captured by  Russia in 2022. Recaptured by  Russia around 20 April 2022","https://www.theguardian.com/world/2022/apr/27/russia-forces-capture-villages-eastern-ukraine-war","30 May 2022 05h37 UTC","46.615","32.1113"
"Olenivka","4534","Russia","22","1 May 2022","Captured by  Donetsk PR in September 2014","https://graphics.reuters.com/UKRAINE-CRISIS/zdpxokdxzvx/","30 May 2022 05h37 UTC","47.8314","37.66"
"Oleshky","24383","Russia","101","24 February 2022","Captured by  Russia 2 March 2022. ","https://web.archive.org/web/20220227070903/https://www.tbsnews.net/world/nova-kakhovka-has-fallen-russia-ukraine-media-377014","30 May 2022 05h37 UTC","46.6199","32.7073"
"Orikhiv","14136","Ukraine","166","30 March 2022","Partially surrounded by Russian forces as of 20 April 2022","https://www.radiosvoboda.org/a/orikhiv-zaporizhzhya-viyna-nastup/31789183.html","30 May 2022 05h37 UTC","47.5677","35.7849"
"Orikhove","621","Russia","136","19 May 2022","Captured by  Luhansk PR 18 May 2022. ","https://www.reuters.com/world/europe/escape-fighting-ukraine-moves-firms-safety-2022-04-19/","30 May 2022 05h37 UTC","48.7211","38.5725"
"Oskil ","3217","Russia","75","21 May 2022","","https://www.understandingwar.org/backgrounder/russian-offensive-campaign-assessment-april-28","30 May 2022 05h37 UTC","49.1675","37.428"
"Osokorivka","2747","Ukraine","60","6 April 2022","","https://www.aljazeera.com/news/2022/4/20/russia-launches-new-offensive-to-take-ukraines-east","30 May 2022 05h37 UTC","47.4398","33.926"
"Ozerne ","171","Ukraine","40","1 May 2022","","https://www.wionews.com/videos/russia-releases-village-of-novotroitske-z-painted-on-military-convoy-vehicles-461798","30 May 2022 05h37 UTC","50.1794","28.7361"
"Pavlivka ","2505","Russia","41","13 March 2022","Captured by  Russia/ DPR 13 March 2022. ","https://www.redattoresociale.it/article/notiziario/festa_della_mamma_due_madri_ucraine_grazie_italia_i_nostri_figli_sono_salvi","30 May 2022 05h37 UTC","47.7544","37.2181"
"Pavlohrad","103073","Ukraine","","24 February 2022","","","30 May 2022 05h37 UTC","48.52","35.87"
"Pechenihy","5058","Ukraine","70","3 May 2022","","https://web.archive.org/web/20220303021005/https://www.wsj.com/articles/russia-resumes-kharkiv-bombardment-in-bid-to-break-ukrainian-resistance-11646208607","30 May 2022 05h37 UTC","49.8647","36.9364"
"Peremoha ","850","Ukraine","76","6 May 2022","","https://www.youtube.com/watch?v=279pxA7_gBY","30 May 2022 05h37 UTC","50.1172","36.6667"
"Pershotravensk","27573","Ukraine","","24 February 2022","","","30 May 2022 05h37 UTC","48.3464","36.4044"
"Pervomaiskyi","28986","Ukraine","","24 February 2022","","","30 May 2022 05h37 UTC","49.3869","36.2142"
"Petropavlivka ","722","Russia","90","26 April 2022","Captured by  Russia 27 February 2022. ","https://smallwarsjournal.com/blog/ukraine-war-bulletin-march-30-1030-am-est","30 May 2022 05h37 UTC","48.4549","36.4394"
"Piatykhatky","18457","Ukraine","","24 February 2022","","","30 May 2022 05h37 UTC","48.4126","33.7034"
"Pidhorodne","19336","Ukraine","","24 February 2022","","","30 May 2022 05h37 UTC","48.5737","35.0966"
"Pytomnyk ","205","Ukraine","78","12 May 2022","","https://en.interfax.com.ua/news/general/830257.html","30 May 2022 05h37 UTC","50.1711","36.2653"
"Pivdenne","7394","Ukraine","","24 February 2022","","","30 May 2022 05h37 UTC","49.8849","36.0687"
"Podilsk","39662","Ukraine","","24 February 2022","","","30 May 2022 05h37 UTC","47.7419","29.535"
"Pokrov","38111","Ukraine","","24 February 2022","","","30 May 2022 05h37 UTC","47.6632","34.0811"
"Pokrovsk","61161","Ukraine","42","25 May 2022","Subject to repeated rocket attacks since late May 2022. ","https://www.facebook.com/GeneralStaff.ua/posts/306878508291901","30 May 2022 05h37 UTC","48.2833","37.1833"
"Polohy","18396","Russia","168","30 March 2022","Captured by  Russia 7 March 2022. ","https://www.bbc.com/news/world-europe-60922393","30 May 2022 05h37 UTC","47.4796","36.2611"
"Poltava","283402","Ukraine","","24 February 2022","","","30 May 2022 05h37 UTC","49.5744","34.5686"
"Popasna","19672","Russia","138","8 May 2022","Captured by  Luhansk PR in mid-April 2014. Recaptured by  Ukraine 19 June 2014. Recaptured by  Luhansk PR 8 July 2014. Recaptured by  Ukraine 22 July 2014. Captured by  Russia/ Luhansk PR 7 May 2022","https://www.rid.it/shownews/4954","30 May 2022 05h37 UTC","48.6282","38.3727"
"Posad-Pokrovske","2349","Ukraine","102","21 March 2022","Captured by  Russia 9 March 2022. Recaptured by  Ukraine 21 March 2022. ","https://www.publico.es/internacional/guerra-rusia-ucrania-300-limani-kilometros-tropas-rusas-resistimos.html","30 May 2022 05h37 UTC","46.8064","32.2561"
"Pravdyne","1621","Russia","103","12 April 2022","","https://web.archive.org/web/20220224212816/https://en.interfax.com.ua/news/general/801461.html","30 May 2022 05h37 UTC","46.7381","32.2044"
"Prymorsk","11397","Russia","","1 March 2022","Captured by  Russia 28 February 2022. ","","30 May 2022 05h37 UTC","46.7333","36.3596"
"Protopopivka ","1253","Ukraine","37","4 May 2022","","https://news.sky.com/video/ukraine-war-ukrainians-say-they-have-hit-an-ammunitions-site-used-by-the-russians-12587222","30 May 2022 05h37 UTC","49.2425","36.9133"
"Putyvl","15100","Ukraine","60","6 April 2022","Captured by  Russia 27 February 2022. Recaptured by  Ukraine 2 April 2022. ","https://www.aljazeera.com/news/2022/4/20/russia-launches-new-offensive-to-take-ukraines-east","30 May 2022 05h37 UTC","51.3347","33.8686"
"Rakhiv","15596","Ukraine","","24 February 2022","","","30 May 2022 05h37 UTC","48.05","24.2167"
"Ripky","6807","Ukraine","1","4 April 2022","Captured by  Russia 25 February 2022. Recaptured by  Ukraine 2 April 2022. ","https://en.wikipedia.org/wiki/Hero_City_of_Ukraine","30 May 2022 05h37 UTC","51.7994","31.0833"
"Rivne","245289","Ukraine","","24 February 2022","","","30 May 2022 05h37 UTC","50.6197","26.2514"
"Romny","38305","Ukraine","60","6 April 2022","See Battle of Romny ","https://www.aljazeera.com/news/2022/4/20/russia-launches-new-offensive-to-take-ukraines-east","30 May 2022 05h37 UTC","50.7428","33.4879"
"Rozhyshche","12584","Ukraine","","24 February 2022","","","30 May 2022 05h37 UTC","50.9131","25.27"
"Rozivka","3022","Donetsk PR","169","30 April 2022","","https://sicnoticias.pt/mundo/conflito-russia-ucrania/sic-na-ucrania-orikhiv-uma-aldeia-na-linha-da-frente-de-combate/","30 May 2022 05h37 UTC","47.3844","37.0658"
"Rubizhne ","649","Russia","79","22 May 2022","Recaptured by  Russia 19 May 2022. ","https://www.understandingwar.org/backgrounder/russian-offensive-campaign-assessment-may-6","30 May 2022 05h37 UTC","49.0167","38.3667"
"Rubizhne","56066","Russia","139","12 May 2022","Captured by  Russia/ Luhansk PR 12 May 2022","https://www.rainews.it/video/2022/05/la-bandiera-sovietica-della-vittoria-nel-paese-preso-dai-separatisti---video-2a25d2a7-a1de-46ad-85f7-6c261469dd1c.html","30 May 2022 05h37 UTC","49.0167","38.3667"
"Ruska Lozova","5016","Ukraine","61","6 May 2022","","https://www.ukrinform.net/rubric-ato/3457474-russians-terrorize-villagers-of-kharkiv-region.html","30 May 2022 05h37 UTC","50.1406","36.2794"
"Ruski Tyshky ","1908","Ukraine","62","10 May 2022","","https://www.understandingwar.org/backgrounder/russian-offensive-campaign-assessment-april-6","30 May 2022 05h37 UTC","50.1356","36.4031"
"Sambir","34444","Ukraine","","24 February 2022","","","30 May 2022 05h37 UTC","49.5167","23.2"
"Sartana","10117","Russia","43","1 March 2022","Captured by  Russia/ DPR 1 March 2022. ","https://www.understandingwar.org/backgrounder/russian-offensive-campaign-assessment-march-13","30 May 2022 05h37 UTC","47.1739","37.6915"
"Sedniv","1063","Ukraine","1","4 April 2022","","https://en.wikipedia.org/wiki/Hero_City_of_Ukraine","30 May 2022 05h37 UTC","51.6463","31.5617"
"Selydove","21916","Ukraine","21","10 March 2022","","https://www.lemonde.fr/en/international/article/2022/05/04/war-in-ukraine-le-monde-s-reporter-covering-the-donbas-answers-readers-questions_5982448_4.html","30 May 2022 05h37 UTC","48.15","37.3"
"Semenivka","7952","Ukraine","1","4 April 2022","Captured by  Russia 25 February 2022. Recaptured by  Ukraine 4 April 2022. ","https://en.wikipedia.org/wiki/Hero_City_of_Ukraine","30 May 2022 05h37 UTC","52.1772","32.5797"
"Sevastopol","509992","Russia","12","24 February 2022","Captured by  Russia 27 February 2014. ","https://web.archive.org/web/20220318173107/https://suspilne.media/216201-aka-gumanitarna-situacia-na-novgorod-siversini/","30 May 2022 05h37 UTC","44.6","33.5333"
"Shandryholove ","1035","Russia","18","22 May 2022","","https://www.facebook.com/GeneralStaff.ua/posts/pfbid02gpdqR4DvkfcZm6bhN86VrCZDGqaYqvtWhhG5nBs5mgScczBJ7nLvEVxYEWcHZRCDl","30 May 2022 05h37 UTC","49.0906","37.7197"
"Shchastia","11552","Russia","140","12 March 2022","","https://www.reuters.com/world/europe/chechnyas-kadyrov-says-his-soldiers-control-popasna-ukraine-disagrees-2022-05-08/","30 May 2022 05h37 UTC","48.7381","39.2311"
"Shestakove ","649","Ukraine","76","1 May 2022","Captured by  Russia 18 April 2022. ","https://www.youtube.com/watch?v=279pxA7_gBY","30 May 2022 05h37 UTC","50.0717","36.6217"
"Shevchenkove ","2913","Ukraine","118","1 April 2022","","https://www.nytimes.com/interactive/2022/world/europe/ukraine-maps.html","30 May 2022 05h37 UTC","47.5437","32.5371"
"Shevchenkove","6724","Russia","59","14 April 2022","Captured by  Russia in 2022. ","https://www.understandingwar.org/backgrounder/russian-offensive-campaign-assessment-april-18","30 May 2022 05h37 UTC","49.695","37.1761"
"Shevchenkove","3150","Ukraine","150","18 March 2022","","https://web.archive.org/web/20220225112418/https://www.cnn.com/europe/live-news/ukraine-russia-news-02-24-22-intl/h_21803c6f2041c343a9acda71e0db7455","30 May 2022 05h37 UTC","50.6458","31.0451"
"Shyroke ","779","Ukraine","53","27 April 2022","","https://web.archive.org/web/20170904201347/https://www.kyivpost.com/article/content/war-against-ukraine/no-longer-at-the-war-front-depressed-yenakiyeve-waits-for-recovery-under-russian-occupation-391901.html","30 May 2022 05h37 UTC","47.6882","33.2654"
"Shostka","73197","Ukraine","60","6 April 2022","","https://www.aljazeera.com/news/2022/4/20/russia-launches-new-offensive-to-take-ukraines-east","30 May 2022 05h37 UTC","51.8657","33.4766"
"Shpola","16573","Ukraine","","24 February 2022","","","30 May 2022 05h37 UTC","48.9969","31.4022"
"Sievierodonetsk","101135","Contested","125","11 May 2022","See Battles of Sievierodonetsk (2014), Battle of Sievierodonetsk (2022)Captured by  Luhansk PR in late May 2014. Recaptured by  Ukraine 22 July 2014. ","https://english.nv.ua/nation/russia-preparing-attack-on-vyshhorod-says-ukrainian-army-command-50223011.html","30 May 2022 05h37 UTC","48.95","38.4833"
"Simferopol","332317","Russia","12","24 February 2022","Captured by  Russia 27 February 2014. ","https://web.archive.org/web/20220318173107/https://suspilne.media/216201-aka-gumanitarna-situacia-na-novgorod-siversini/","30 May 2022 05h37 UTC","44.9484","34.1"
"Synelnykove","30021","Ukraine","","24 February 2022","","","30 May 2022 05h37 UTC","48.3178","35.5119"
"Siversk","11068","Ukraine","44","25 May 2022","","https://www.reuters.com/world/europe/russia-seeks-put-stranglehold-twin-ukrainian-cities-2022-05-24/","30 May 2022 05h37 UTC","48.8739","38.1048"
"Skadovsk","17344","Russia","104","13 March 2022","Captured by  Russia 9 March 2022. ","https://edition.cnn.com/videos/world/2022/03/21/russia-mykolaiv-kherson-ukraine-nick-paton-walsh-pkg-vpx.cnn","30 May 2022 05h37 UTC","46.1167","32.9167"
"Slatyne","6076","Ukraine","81","9 April 2022","","https://www.understandingwar.org/backgrounder/russian-offensive-campaign-assessment-may-22","30 May 2022 05h37 UTC","50.2161","36.1525"
"Slavutych","24685","Ukraine","119","3 April 2022","Geographically within Chernihiv OblastSee Battle of SlavutychCaptured by  Russia 26 March 2022. Recaptured by  Ukraine 3 April 2022. ","https://web.archive.org/web/20220303230707/https://www.cnbc.com/2022/03/01/russia-still-has-sights-set-on-kyiv-despite-tough-ukraine-resistance.html","30 May 2022 05h37 UTC","51.5206","30.7569"
"Sloviansk","106972","Ukraine","19","4 May 2022","See Murder of Pentecostals in Sloviansk (2014)Captured by  Donetsk PR in mid-April 2014. Recaptured by  Ukraine 5 July 2014. ","https://web.archive.org/web/20220222235006/https://www.reuters.com/world/europe/hope-fear-uncertainty-donetsk-streets-after-putin-move-2022-02-22/","30 May 2022 05h37 UTC","48.87","37.625"
"Smila","66475","Ukraine","","24 February 2022","","","30 May 2022 05h37 UTC","49.2167","31.8667"
"Snihurivka","12307","Russia","151","8 April 2022","Captured by  Russia 13 March 2022. ","https://web.archive.org/web/20220224074723/https://www.washingtonpost.com/world/2022/02/18/ukraine-russia-lviv-war/","30 May 2022 05h37 UTC","47.0754","32.8062"
"Snovsk","12315","Ukraine","1","4 April 2022","","https://en.wikipedia.org/wiki/Hero_City_of_Ukraine","30 May 2022 05h37 UTC","51.8167","31.95"
"Sosnytsia","6708","Ukraine","1","4 April 2022","","https://en.wikipedia.org/wiki/Hero_City_of_Ukraine","30 May 2022 05h37 UTC","51.5222","32.5017"
"Stakhanov","73702","Luhansk PR","","2 May 2014","Captured by  Luhansk PR 2 May 2014. ","","30 May 2022 05h37 UTC","48.5472","38.6361"
"Stanytsia Luhanska","12505","Russia","133","26 February 2022","Captured by  Russia/ LPR 26 February 2022. ","https://www.reuters.com/world/europe/russian-forces-seize-city-kreminna-east-ukraine-regional-governor-says-2022-04-19/","30 May 2022 05h37 UTC","48.6667","39.4667"
"Staryi Saltiv","3394","Ukraine","82","2 May 2022","Captured by  Russia in 2022. Recaptured by  Ukraine 2 May 2022. ","https://web.archive.org/web/20220506184500/https://www.nytimes.com/2022/05/06/world/europe/ukraine-russia-artillery-kharkiv.html","30 May 2022 05h37 UTC","50.0779","36.7898"
"Starobilsk","16267","Russia","126","13 March 2022","See Battle of Starobilsk (2022)Captured by  Russia/ LPR 26 February 2022. ","https://www.understandingwar.org/backgrounder/russian-offensive-campaign-assessment-may-8","30 May 2022 05h37 UTC","49.2667","38.9167"
"Staromlynivka ","2635","Russia","41","13 March 2022","Captured by  Russia/ DPR 13 March 2022. ","https://www.redattoresociale.it/article/notiziario/festa_della_mamma_due_madri_ucraine_grazie_italia_i_nostri_figli_sono_salvi","30 May 2022 05h37 UTC","47.6964","36.8325"
"Storozhynets","14138","Ukraine","","24 February 2022","","","30 May 2022 05h37 UTC","48.1548","25.7101"
"Sumy","259660","Ukraine","60","6 April 2022","See Battle of Sumy, Sumykhimprom ammonia leak","https://www.aljazeera.com/news/2022/4/20/russia-launches-new-offensive-to-take-ukraines-east","30 May 2022 05h37 UTC","50.9068","34.7992"
"Svaliava","17124","Ukraine","","24 February 2022","","","30 May 2022 05h37 UTC","48.5472","22.9861"
"Svatove","16420","Russia","141","9 March 2022","Captured by  Russia/ LPR 6 March 2022. ","https://edition.cnn.com/europe/live-news/russia-ukraine-war-news-05-13-22/h_67faa3f08da188441de767341e390737","30 May 2022 05h37 UTC","49.4092","38.1619"
"Sviatohirsk","4309","Ukraine","45","18 April 2022","","https://web.archive.org/web/20220301204329/https://greekcitytimes.com/2022/03/02/russian-forces-sartana-mariupol/","30 May 2022 05h37 UTC","49.0333","37.5667"
"Svitlodarsk","11281","Russia","46","24 May 2022","Captured by  Russia 24 May 2022. ","https://www.understandingwar.org/backgrounder/russian-offensive-campaign-assessment-may-25","30 May 2022 05h37 UTC","48.4353","38.2208"
"Svitlovodsk","43931","Ukraine","","24 February 2022","","","30 May 2022 05h37 UTC","49.0833","33.25"
"Talne","13012","Ukraine","","24 February 2022","","","30 May 2022 05h37 UTC","48.8863","30.7027"
"Tavriyske ","566","Ukraine","53","27 April 2022","","https://web.archive.org/web/20170904201347/https://www.kyivpost.com/article/content/war-against-ukraine/no-longer-at-the-war-front-depressed-yenakiyeve-waits-for-recovery-under-russian-occupation-391901.html","30 May 2022 05h37 UTC","46.7256","32.1025"
"Terny ","764","Russia","47","23 April 2022","Captured by  Russia 23 April 2022. ","https://www.bbc.co.uk/news/world-europe-61139415","30 May 2022 05h37 UTC","49.0958","37.9642"
"Ternivka","29226","Ukraine","","24 February 2022","","","30 May 2022 05h37 UTC","48.5231","36.0826"
"Ternopil","225238","Ukraine","","24 February 2022","","","30 May 2022 05h37 UTC","49.5667","25.6"
"Ternova","907","Ukraine","83","24 May 2022","Recaptured by  Ukraine in early May 2022. ","https://www.barrons.com/news/5-killed-in-east-ukraine-shelling-donetsk-governor-01649534107","30 May 2022 05h37 UTC","50.1908","36.6778"
"Tyahynka","2031","Russia","92","27 April 2022","Captured by  Russia in 2022. ","https://khoda.gov.ua/operativna-%D1%96nformac%D1%96ja-po-hersonshhin%D1%96--za-danimi-v%D1%96d-rda-ta-otg-26-04-2022r--stanom-na-15%3A00","30 May 2022 05h37 UTC","46.7742","33.0539"
"Tokmak","30132","Russia","168","22 April 2022","Captured by  Russia 7 March 2022. ","https://www.bbc.com/news/world-europe-60922393","30 May 2022 05h37 UTC","47.2514","35.7058"
"Torske ","1653","Russia","48","22 May 2022","","https://www.rbc.ua/ukr/news/rossiyskie-voyska-voshli-svetlodarsk-mestnaya-1653392902.html","30 May 2022 05h37 UTC","49.015","37.9644"
"Toshkivka","4088","Ukraine","89","29 May 2022","","https://ua.korrespondent.net/ukraine/4457270-dnipropetrovska-oblast-hotova-do-oporu-korban","30 May 2022 05h37 UTC","48.7797","38.5589"
"Troitske","1415","Russia","142","23 May 2022","","https://www.newyorker.com/magazine/2022/03/21/what-the-russian-invasion-has-done-to-ukraine","30 May 2022 05h37 UTC","48.5239","38.3758"
"Troitske","7241","Russia","144","24 May 2022","Captured by  Russia by 10 March 2022. ","https://www.criticalthreats.org/analysis/russian-offensive-campaign-assessment-may-20","30 May 2022 05h37 UTC","49.9047","38.3017"
"Trostianets","19797","Ukraine","60","6 April 2022","See Battle of TrostianetsCaptured by  Russia 1 March 2022. Recaptured by  Ukraine 26 March 2022. ","https://www.aljazeera.com/news/2022/4/20/russia-launches-new-offensive-to-take-ukraines-east","30 May 2022 05h37 UTC","50.4666","34.95"
"Trudolyubivka ","282","Ukraine","60","6 April 2022","","https://www.aljazeera.com/news/2022/4/20/russia-launches-new-offensive-to-take-ukraines-east","30 May 2022 05h37 UTC","47.4478","33.6967"
"Truskavets","28474","Ukraine","","24 February 2022","","","30 May 2022 05h37 UTC","49.2806","23.505"
"Tsyrkuny ","6310","Ukraine","76","7 May 2022","","https://www.youtube.com/watch?v=279pxA7_gBY","30 May 2022 05h37 UTC","50.0805","36.377"
"Tulchyn","14668","Ukraine","","24 February 2022","","","30 May 2022 05h37 UTC","48.6744","28.8497"
"Ukrainka ","312","Russia","90","26 April 2022","Captured by  Russia in 2022. ","https://smallwarsjournal.com/blog/ukraine-war-bulletin-march-30-1030-am-est","30 May 2022 05h37 UTC","47.3231","33.7828"
"Ukrainka","1170","Ukraine","150","18 March 2022","","https://web.archive.org/web/20220225112418/https://www.cnn.com/europe/live-news/ukraine-russia-news-02-24-22-intl/h_21803c6f2041c343a9acda71e0db7455","30 May 2022 05h37 UTC","46.8256","32.1411"
"Uman","100135","Ukraine","","24 February 2022","","","30 May 2022 05h37 UTC","48.75","30.2167"
"Uzhhorod","115542","Ukraine","","24 February 2022","","","30 May 2022 05h37 UTC","48.6239","22.295"
"Valky","8721","Ukraine","","24 February 2022","","","30 May 2022 05h37 UTC","49.8386","35.6217"
"Vasylivka","12771","Russia","36","23 May 2022","Captured by  Russia by 7 March 2022. ","https://www.washingtonpost.com/world/2022/05/20/ukraine-child-death-funeral/","30 May 2022 05h37 UTC","47.4344","35.2808"
"Vasylkiv","37310","Ukraine","120","26 February 2022","See Battle of Vasylkiv","https://www.radiosvoboda.org/a/news-kyivshchyna-zsu-henshtab/31781218.html","30 May 2022 05h37 UTC","50.1775","30.3217"
"Vatutine","16096","Ukraine","","24 February 2022","","","30 May 2022 05h37 UTC","49.0167","31.0667"
"Velyka Babka ","700","Ukraine","70","3 May 2022","","https://web.archive.org/web/20220303021005/https://www.wsj.com/articles/russia-resumes-kharkiv-bombardment-in-bid-to-break-ukrainian-resistance-11646208607","30 May 2022 05h37 UTC","49.9822","36.7434"
"Velyka Dymerka","9461","Ukraine","121","1 April 2022","Captured by  Russia in 2022. Recaptured by  Ukraine 1 April 2022. ","https://www.rbc.ua/rus/news/vsu-nachinayut-zachistku-slavuticha-zhiteley-1648970750.html","30 May 2022 05h37 UTC","50.5928","30.9103"
"Velyka Komyshuvakha ","882","Contested","84","7 May 2022","","https://www.understandingwar.org/backgrounder/russian-offensive-campaign-assessment-may-3","30 May 2022 05h37 UTC","49.1081","36.9894"
"Velyka Oleksandrivka","6487","Russia","105","11 May 2022","Captured by  Russia 27 February 2022. ","https://kherson.gp.gov.ua/ua/news.html?_m=publications&_t=rec&id=312477","30 May 2022 05h37 UTC","47.3212","33.3033"
"Velykyi Burluk","3656","Russia","59","14 April 2022","Captured by  Russia in March 2022. ","https://www.understandingwar.org/backgrounder/russian-offensive-campaign-assessment-april-18","30 May 2022 05h37 UTC","50.06","37.3823"
"Verkhnodniprovsk","16976","Ukraine","","24 February 2022","","","30 May 2022 05h37 UTC","48.6561","34.3283"
"Vilnohirsk","22458","Ukraine","","24 February 2022","","","30 May 2022 05h37 UTC","48.4824","34.0189"
"Vinnytsia","370601","Ukraine","","24 February 2022","See 2022 Vinnytsia attacks","","30 May 2022 05h37 UTC","49.2372","28.4672"
"Vynohradiv","25442","Ukraine","","24 February 2022","","","30 May 2022 05h37 UTC","48.1397","23.0331"
"Vynohradivka ","1388","Ukraine","153","25 March 2022","","https://www.understandingwar.org/backgrounder/russian-offensive-campaign-assessment-april-8","30 May 2022 05h37 UTC","48.5537","33.7283"
"Virnopillya ","752","Ukraine","85","7 May 2022","","https://www.understandingwar.org/backgrounder/russian-offensive-campaign-assessment-may-24","30 May 2022 05h37 UTC","49.0344","37.1256"
"Vyshhorod","22933","Ukraine","123","7 March 2022","","https://twitter.com/JulianRoepcke/status/1509888167746453511?s=20&t=Xwjir1Iw2NGrMjZfHfcpyg","30 May 2022 05h37 UTC","50.5833","30.5"
"Vysokopillia","3899","Russia","106","21 May 2022","Captured by  Russia in 2022.  Shelled on 15 May 2022. ","https://www.pravda.com.ua/news/2022/03/13/7330874/","30 May 2022 05h37 UTC","47.4888","33.5317"
"Voevodivka","594","Russia","146","12 May 2022","","https://life.liga.net/istoriyi/interview/verim-chto-ukraina-nas-ne-ostavit-kak-jivet-v-10-km-ot-rossii-okkupirovannoe-troitskoe","30 May 2022 05h37 UTC","48.973","38.4463"
"Volnovakha","21441","Donetsk PR","49","11 March 2022","See Volnovakha bus attack (2015), Battle of VolnovakhaCaptured by  Donetsk PR 11 March 2022. ","https://www.rid.it/shownews/4907","30 May 2022 05h37 UTC","47.5951","37.4831"
"Volodymyr","38070","Ukraine","","24 February 2022","","","30 May 2022 05h37 UTC","50.8482","24.3257"
"Voronove","836","Russia","77","6 May 2022","""Likely captured"" by  Russia/ LPR","https://www.understandingwar.org/backgrounder/russian-offensive-campaign-assessment-may-21","30 May 2022 05h37 UTC","48.8986","38.5731"
"Vorzel","6766","Ukraine","122","1 April 2022","","https://web.archive.org/web/20220227032621/https://kyivindependent.com/uncategorized/ukraine-repels-russian-forces-in-vasylkiv-near-kyiv/","30 May 2022 05h37 UTC","50.55","30.15"
"Vovchansk","17747","Russia","72","21 April 2022","Captured by  Russia in 2022. ","https://twitter.com/georgewbarros/status/1521651181763940359","30 May 2022 05h37 UTC","50.2881","36.9461"
"Voznesensk","34050","Ukraine","152","14 March 2022","See Battle of Voznesensk","https://www.wsj.com/articles/ukrainian-counteroffensive-near-mykolaiv-relieves-strategic-port-city-11647605489","30 May 2022 05h37 UTC","47.5725","31.3119"
"Yalta","76746","Russia","12","24 February 2022","Captured by  Russia 27 February 2014. ","https://web.archive.org/web/20220318173107/https://suspilne.media/216201-aka-gumanitarna-situacia-na-novgorod-siversini/","30 May 2022 05h37 UTC","44.4994","34.1553"
"Yampil","1944","Russia","50","22 May 2022","","https://www.delfi.lt/news/daily/lithuania/karo-ekspertai-pasirode-signalu-kad-rusai-issikvepia-bet-tai-dar-ne-pabaiga.d?id=90061587","30 May 2022 05h37 UTC","48.9322","37.9425"
"Yavoriv","12888","Ukraine","","24 February 2022","See Yavoriv military base attack","","30 May 2022 05h37 UTC","49.9469","23.3931"
"Yenakiieve","77053","Donetsk PR","51","24 June 2015","Captured by  Donetsk PR 13 April 2014. ","https://web.archive.org/web/20220311071123/https://www.bbc.com/news/live/world-europe-60685883","30 May 2022 05h37 UTC","48.2311","38.2053"
"Yevpatoria","105719","Russia","12","24 February 2022","Captured by  Russia 27 February 2014. ","https://web.archive.org/web/20220318173107/https://suspilne.media/216201-aka-gumanitarna-situacia-na-novgorod-siversini/","30 May 2022 05h37 UTC","45.1905","33.3669"
"Zaporizhzhia","722713","Ukraine","","24 February 2022","","","30 May 2022 05h37 UTC","47.8378","35.1383"
"Zarichne ","2571","Russia","52","22 May 2022","Captured by  Russia/ DPR 27 April 2022. ","https://www.rid.it/shownews/4927","30 May 2022 05h37 UTC","49.0194","37.9208"
"Zavody ","516","Contested","84","7 May 2022","","https://www.understandingwar.org/backgrounder/russian-offensive-campaign-assessment-may-3","30 May 2022 05h37 UTC","49.1542","37.0678"
"Zelene Pole ","578","Ukraine","54","1 May 2022","","https://www.theguardian.com/world/2022/apr/27/russia-forces-capture-villages-eastern-ukraine-war","30 May 2022 05h37 UTC","47.83","36.6208"
"Zelenodolsk","12874","Ukraine","13","27 April 2022","","https://web.archive.org/web/20220330100222/https://suspilne.media/222439-rosiani-zalisili-snovsk-ta-zrujnuvali-dekilka-mostiv-genstab/","30 May 2022 05h37 UTC","47.5631","33.6524"
"Zhashkiv","13355","Ukraine","","24 February 2022","","","30 May 2022 05h37 UTC","49.25","30.1"
"Zhytomyr","263507","Ukraine","","24 February 2022","See 2022 Zhytomyr attacks","","30 May 2022 05h37 UTC","50.2544","28.6578"
"Zhmerynka","34097","Ukraine","","24 February 2022","","","30 May 2022 05h37 UTC","49.0425","28.0992"
"Zhovti Vody","42901","Ukraine","","24 February 2022","","","30 May 2022 05h37 UTC","48.35","33.5167"
"Zmiiv","14071","Ukraine","","24 February 2022","","","30 May 2022 05h37 UTC","49.6878","36.3558"
"Zolochiv","7926","Ukraine","86","10 April 2022","","https://www.understandingwar.org/backgrounder/russian-offensive-campaign-assessment-may-7","30 May 2022 05h37 UTC","50.2691","35.976"
"Zolote","13203","Russia","147","26 May 2022","Captured by  Russia/ LPR 23 May 2022. ","https://suspilne.media/242751-nasa-najbilsa-nezrucnist-vidsutnist-ukrainskoi-informacii-ak-zivut-v-okupovanomu-troickomu-na-lugansini/","30 May 2022 05h37 UTC","48.6833","38.5167"
"Zolotonosha","27458","Ukraine","","24 February 2022","","","30 May 2022 05h37 UTC","49.6833","32.0333"
"Zvenyhorodka","16490","Ukraine","","24 February 2022","","","30 May 2022 05h37 UTC","49.0833","30.9667"
